"Supplementary Table 7. Chromosome-specific precision and recall for chromatin states assigned using SOM-VN, CAGT, and magnitude-based modeling.",,,,,,,,
Sample,Method,Chromosome,Promoter Precision,Promoter Recall,Enhancer Precision,Enhancer Recall,Weak Precision,Weak Recall
A549,SOM-VN,1,0.16,0.87,0.23,0.04,0.93,0.67
,,2,0.13,0.84,0.27,0.05,0.94,0.71
,,3,0.12,0.89,0.19,0.04,0.97,0.71
,,4,0.21,0.81,0.18,0.06,0.97,0.72
,,5,0.12,0.88,0.27,0.06,0.96,0.73
,,6,0.15,0.89,0.21,0.05,0.96,0.72
,,7,0.15,0.85,0.24,0.05,0.95,0.72
,,8,0.14,0.85,0.24,0.04,0.95,0.73
,,9,0.15,0.87,0.35,0.06,0.94,0.67
,,10,0.16,0.86,0.29,0.05,0.93,0.71
,,11,0.18,0.89,0.31,0.05,0.94,0.71
,,12,0.18,0.86,0.27,0.04,0.88,0.67
,,13,0.19,0.78,0.13,0.05,0.96,0.7
,,14,0.18,0.87,0.29,0.05,0.93,0.71
,,15,0.17,0.9,0.33,0.05,0.9,0.63
,,16,0.22,0.89,0.34,0.05,0.9,0.67
,,17,0.24,0.88,0.5,0.05,0.62,0.46
,,18,0.1,0.85,0.18,0.04,0.98,0.74
,,19,0.31,0.84,0.46,0.06,0.62,0.38
,,20,0.18,0.83,0.31,0.04,0.81,0.59
,,21,0.31,0.88,0.39,0.06,0.97,0.81
,,22,0.4,0.86,0.41,0.07,0.86,0.68
,,Mean,0.19,0.86,0.29,0.05,0.9,0.67
,,Stdev,0.07,0.03,0.09,0.01,0.1,0.09
,CAGT,1,0.1,0.54,0.2,0.08,0.77,0.51
,,2,0.09,0.51,0.24,0.1,0.82,0.6
,,3,0.08,0.51,0.19,0.12,0.89,0.64
,,4,0.16,0.46,0.11,0.1,0.92,0.77
,,5,0.07,0.46,0.19,0.09,0.85,0.61
,,6,0.09,0.56,0.16,0.09,0.85,0.54
,,7,0.1,0.5,0.21,0.09,0.82,0.59
,,8,0.11,0.57,0.25,0.1,0.82,0.59
,,9,0.11,0.55,0.24,0.11,0.8,0.55
,,10,0.12,0.56,0.31,0.11,0.75,0.55
,,11,0.11,0.56,0.27,0.1,0.75,0.51
,,12,0.12,0.55,0.25,0.08,0.7,0.47
,,13,0.15,0.46,0.1,0.09,0.92,0.76
,,14,0.13,0.58,0.2,0.1,0.81,0.57
,,15,0.12,0.54,0.27,0.09,0.72,0.54
,,16,0.15,0.56,0.3,0.09,0.67,0.49
,,17,0.19,0.64,0.4,0.08,0.52,0.42
,,18,0.07,0.46,0.18,0.11,0.93,0.74
,,19,0.24,0.57,0.38,0.12,0.49,0.37
,,20,0.15,0.57,0.27,0.08,0.65,0.49
,,21,0.25,0.49,0.21,0.11,0.85,0.77
,,22,0.32,0.55,0.26,0.11,0.65,0.58
,,Mean,0.14,0.53,0.24,0.1,0.77,0.58
,,Stdev,0.06,0.05,0.07,0.01,0.12,0.11
,Magnitude,1,0.15,1,N/A,N/A,1,0
,,2,0.13,1,N/A,N/A,0,0
,,3,0.11,1,N/A,N/A,0,0
,,4,0.08,1,N/A,N/A,0,0
,,5,0.11,1,N/A,N/A,0,0
,,6,0.12,1,N/A,N/A,0,0
,,7,0.14,1,N/A,N/A,0,0
,,8,0.13,1,N/A,N/A,0,0
,,9,0.15,1,N/A,N/A,0,0
,,10,0.15,1,N/A,N/A,0,0
,,11,0.14,1,N/A,N/A,0,0
,,12,0.17,1,N/A,N/A,0,0
,,13,0.08,1,N/A,N/A,0,0
,,14,0.15,1,N/A,N/A,0,0
,,15,0.19,1,N/A,N/A,0,0
,,16,0.18,1,N/A,N/A,0,0
,,17,0.26,1,N/A,N/A,0,0
,,18,0.09,1,N/A,N/A,0,0
,,19,0.28,1,N/A,N/A,0,0
,,20,0.21,1,N/A,N/A,0,0
,,21,0.1,1,N/A,N/A,0,0
,,22,0.21,1,N/A,N/A,0,0
,,Mean,0.15,1,N/A,N/A,0.05,0
,,Stdev,0.05,0,N/A,N/A,0.21,0
,SOM-VN (RPKM > 5),1,0.36,0.86,N/A,N/A,0.91,0.82
,,2,0.34,0.87,N/A,N/A,0.92,0.82
,,3,0.3,0.87,N/A,N/A,0.93,0.79
,,4,0.24,0.86,N/A,N/A,0.97,0.8
,,5,0.31,0.86,N/A,N/A,0.92,0.81
,,6,0.34,0.89,N/A,N/A,0.95,0.82
,,7,0.35,0.87,N/A,N/A,0.92,0.83
,,8,0.36,0.85,N/A,N/A,0.91,0.84
,,9,0.36,0.87,N/A,N/A,0.91,0.8
,,10,0.37,0.86,N/A,N/A,0.9,0.83
,,11,0.38,0.89,N/A,N/A,0.91,0.83
,,12,0.39,0.86,N/A,N/A,0.88,0.83
,,13,0.26,0.85,N/A,N/A,0.96,0.81
,,14,0.35,0.87,N/A,N/A,0.91,0.81
,,15,0.39,0.87,N/A,N/A,0.86,0.79
,,16,0.41,0.88,N/A,N/A,0.89,0.82
,,17,0.46,0.86,N/A,N/A,0.72,0.79
,,18,0.29,0.86,N/A,N/A,0.95,0.8
,,19,0.51,0.82,N/A,N/A,0.72,0.75
,,20,0.44,0.87,N/A,N/A,0.83,0.82
,,21,0.3,0.86,N/A,N/A,0.95,0.82
,,22,0.36,0.9,N/A,N/A,0.86,0.72
,,Mean,0.36,0.87,N/A,N/A,0.9,0.81
,,Stdev,0.06,0.02,N/A,N/A,0.07,0.03
,,Difference,0.17,0,N/A,N/A,-0.01,0.13
B-Cell (L),SOM-VN,1,0.69,0.1,0.26,0.25,0.83,0.91
,,2,0.64,0.14,0.28,0.32,0.89,0.92
,,3,0.66,0.16,0.27,0.32,0.9,0.91
,,4,0.54,0.18,0.17,0.31,0.95,0.92
,,5,0.71,0.14,0.24,0.34,0.92,0.92
,,6,0.82,0.11,0.23,0.24,0.87,0.91
,,7,0.73,0.14,0.26,0.32,0.89,0.91
,,8,0.55,0.11,0.26,0.31,0.9,0.92
,,9,0.5,0.21,0.29,0.36,0.9,0.89
,,10,0.67,0.08,0.26,0.28,0.86,0.91
,,11,0.67,0.11,0.25,0.27,0.86,0.91
,,12,0.77,0.09,0.13,0.22,0.82,0.79
,,13,0.53,0.21,0.17,0.27,0.94,0.91
,,14,0.54,0.16,0.27,0.3,0.89,0.9
,,15,0.51,0.16,0.3,0.3,0.87,0.9
,,16,0.77,0.11,0.17,0.24,0.77,0.77
,,17,0.74,0.02,0.19,0.21,0.57,0.75
,,18,0.49,0.22,0.22,0.32,0.94,0.91
,,19,0.81,0.02,0.25,0.16,0.34,0.89
,,20,0.71,0.09,0.31,0.25,0.81,0.91
,,21,0.45,0.16,0.26,0.33,0.91,0.9
,,22,0.42,0.09,0.35,0.24,0.67,0.83
,,Mean,0.63,0.13,0.25,0.28,0.83,0.89
,,Stdev,0.12,0.05,0.05,0.05,0.14,0.05
,CAGT,1,N/A,N/A,0.1,0.19,0.77,0.71
,,2,N/A,N/A,0.07,0.18,0.85,0.73
,,3,N/A,N/A,0.06,0.18,0.85,0.71
,,4,N/A,N/A,0.04,0.18,0.92,0.73
,,5,N/A,N/A,0.05,0.18,0.88,0.73
,,6,N/A,N/A,0.08,0.2,0.82,0.71
,,7,N/A,N/A,0.07,0.19,0.85,0.72
,,8,N/A,N/A,0.06,0.18,0.86,0.72
,,9,N/A,N/A,0.07,0.17,0.85,0.74
,,10,N/A,N/A,0.08,0.19,0.82,0.72
,,11,N/A,N/A,0.09,0.21,0.82,0.72
,,12,N/A,N/A,0.14,0.18,0.82,0.85
,,13,N/A,N/A,0.04,0.2,0.92,0.72
,,14,N/A,N/A,0.1,0.21,0.84,0.73
,,15,N/A,N/A,0.08,0.16,0.82,0.73
,,16,N/A,N/A,0.22,0.18,0.77,0.88
,,17,N/A,N/A,0.38,0.15,0.61,0.94
,,18,N/A,N/A,0.05,0.21,0.91,0.72
,,19,N/A,N/A,0.34,0.07,0.46,0.98
,,20,N/A,N/A,0.11,0.18,0.74,0.7
,,21,N/A,N/A,0.05,0.12,0.86,0.72
,,22,N/A,N/A,0.31,0.19,0.66,0.82
,,Mean,N/A,N/A,0.12,0.18,0.81,0.76
,,Stdev,N/A,N/A,0.1,0.03,0.11,0.08
,Magnitude,1,0.08,1,0,0,1,0
,,2,0.05,0.99,0.09,0,0,0
,,3,0.04,0.99,0,0,0,0
,,4,0.02,1,0.67,0,1,0
,,5,0.04,0.99,0,0,0,0
,,6,0.06,1,0,0,0,0
,,7,0.05,0.99,0.14,0,0,0
,,8,0.04,0.98,0.09,0,0,0
,,9,0.03,0.97,0,0,0,0
,,10,0.06,0.99,0.29,0,0,0
,,11,0.06,1,0,0,0,0
,,12,0.06,0.99,0,0,0,0
,,13,0.02,0.99,0,0,0,0
,,14,0.03,0.98,0.38,0,0,0
,,15,0.04,0.98,0,0,0,0
,,16,0.09,1,0.5,0,0,0
,,17,0.16,1,0,0,1,0
,,18,0.01,0.97,0.33,0,0,0
,,19,0.2,1,0,0,0,0
,,20,0.07,0.99,0,0,0,0
,,21,0.02,0.98,0,0,0,0
,,22,0.06,0.99,0,0,0,0
,,Mean,0.06,0.99,0.11,0,0.14,0
,,Stdev,0.05,0.01,0.19,0,0.35,0
,SOM-VN (RPKM > 5),1,0.81,0.12,0.25,0.25,0.85,0.91
,,2,0.71,0.17,0.28,0.33,0.91,0.92
,,3,0.74,0.18,0.25,0.32,0.91,0.92
,,4,0.79,0.16,0.17,0.3,0.94,0.92
,,5,0.81,0.18,0.23,0.34,0.93,0.92
,,6,0.88,0.13,0.2,0.24,0.89,0.92
,,7,0.82,0.16,0.25,0.33,0.91,0.92
,,8,0.69,0.15,0.24,0.31,0.92,0.92
,,9,0.77,0.19,0.29,0.35,0.9,0.91
,,10,0.78,0.11,0.24,0.28,0.89,0.91
,,11,0.75,0.12,0.23,0.27,0.88,0.92
,,12,0.84,0.1,0.12,0.22,0.85,0.8
,,13,0.74,0.17,0.17,0.26,0.94,0.92
,,14,0.8,0.15,0.27,0.31,0.88,0.91
,,15,0.8,0.15,0.29,0.29,0.87,0.92
,,16,0.84,0.12,0.14,0.21,0.79,0.78
,,17,0.77,0.04,0.2,0.22,0.65,0.76
,,18,0.8,0.19,0.22,0.32,0.93,0.92
,,19,0.88,0.02,0.27,0.15,0.42,0.89
,,20,0.82,0.11,0.27,0.23,0.83,0.92
,,21,0.7,0.13,0.24,0.29,0.9,0.91
,,22,0.75,0.08,0.28,0.21,0.66,0.85
,,Mean,0.79,0.13,0.23,0.27,0.85,0.89
,,Stdev,0.05,0.05,0.05,0.05,0.12,0.05
,,Difference,0.15,0.01,-0.01,-0.01,0.01,0.01
B-Cell (H),SOM-VN,1,0.59,0.3,0.46,0.87,0.96,0.81
,,2,0.52,0.4,0.45,0.9,0.97,0.58
,,3,0.57,0.46,0.43,0.9,0.98,0.6
,,4,0.5,0.42,0.19,0.89,0.6,0.01
,,5,0.49,0.46,0.38,0.88,0.97,0.28
,,6,0.57,0.32,0.46,0.9,0.98,0.82
,,7,0.5,0.38,0.41,0.91,0.98,0.58
,,8,0.5,0.43,0.42,0.9,0.96,0.26
,,9,0.55,0.48,0.46,0.89,0.97,0.58
,,10,0.5,0.35,0.46,0.9,0.97,0.71
,,11,0.62,0.33,0.48,0.87,0.97,0.86
,,12,0.66,0.35,0.46,0.89,0.98,0.84
,,13,0.49,0.39,0.22,0.88,0.71,0.01
,,14,0.59,0.44,0.5,0.9,0.98,0.77
,,15,0.57,0.39,0.47,0.89,0.96,0.71
,,16,0.67,0.3,0.5,0.88,0.97,0.86
,,17,0.7,0.12,0.44,0.79,0.89,0.85
,,18,0.56,0.41,0.33,0.91,0.96,0.07
,,19,0.74,0.02,0.38,0.74,0.77,0.72
,,20,0.6,0.35,0.54,0.87,0.96,0.82
,,21,0.56,0.43,0.39,0.9,0.94,0.15
,,22,0.69,0.3,0.55,0.89,0.93,0.72
,,Mean,0.58,0.36,0.43,0.88,0.93,0.57
,,Stdev,0.07,0.11,0.09,0.04,0.1,0.3
,CAGT,1,N/A,N/A,0.33,1,0,0
,,2,N/A,N/A,0.22,1,0,0
,,3,N/A,N/A,0.22,1,1,0
,,4,N/A,N/A,0.09,1,0.75,0
,,5,N/A,N/A,0.14,1,0,0
,,6,N/A,N/A,0.3,1,0,0
,,7,N/A,N/A,0.21,1,0,0
,,8,N/A,N/A,0.16,1,0.5,0
,,9,N/A,N/A,0.24,1,0,0
,,10,N/A,N/A,0.26,1,0,0
,,11,N/A,N/A,0.34,1,0,0
,,12,N/A,N/A,0.34,1,0,0
,,13,N/A,N/A,0.1,1,0,0
,,14,N/A,N/A,0.3,1,1,0
,,15,N/A,N/A,0.29,1,0,0
,,16,N/A,N/A,0.39,1,0,0
,,17,N/A,N/A,0.4,1,0,0
,,18,N/A,N/A,0.12,1,1,0
,,19,N/A,N/A,0.4,1,0.5,0
,,20,N/A,N/A,0.38,1,0,0
,,21,N/A,N/A,0.16,1,0,0
,,22,N/A,N/A,0.47,1,0,0
,,Mean,N/A,N/A,0.27,1,0.22,0
,,Stdev,N/A,N/A,0.11,0,0.38,0
,Magnitude,1,0.08,0.93,0.65,0.15,1,0
,,2,0.05,0.95,0.68,0.17,0,0
,,3,0.05,0.94,0.63,0.15,0,0
,,4,0.04,0.93,0.27,0.19,0,0
,,5,0.04,0.94,0.58,0.16,0,0
,,6,0.06,0.95,0.68,0.15,0,0
,,7,0.06,0.94,0.61,0.16,0,0
,,8,0.04,0.93,0.59,0.16,0,0
,,9,0.06,0.95,0.59,0.15,0,0
,,10,0.06,0.95,0.69,0.15,0,0
,,11,0.07,0.94,0.64,0.12,0,0
,,12,0.07,0.93,0.64,0.15,0,0
,,13,0.04,0.96,0.3,0.21,0,0
,,14,0.07,0.94,0.67,0.16,0,0
,,15,0.07,0.94,0.67,0.15,0,0
,,16,0.09,0.94,0.7,0.13,0,0
,,17,0.13,0.92,0.61,0.12,0,0
,,18,0.04,0.92,0.47,0.19,0,0
,,19,0.18,0.93,0.62,0.12,0,0
,,20,0.08,0.94,0.73,0.14,0,0
,,21,0.05,0.92,0.49,0.18,0,0
,,22,0.13,0.94,0.74,0.13,0,0
,,Mean,0.07,0.94,0.6,0.15,0.05,0
,,Stdev,0.04,0.01,0.12,0.02,0.21,0
,SOM-VN (RPKM > 5),1,0.61,0.34,0.39,0.87,0.97,0.76
,,2,0.55,0.47,0.36,0.91,0.98,0.52
,,3,0.57,0.52,0.36,0.9,0.98,0.55
,,4,0.59,0.51,0.15,0.89,0.56,0
,,5,0.53,0.54,0.3,0.89,0.98,0.25
,,6,0.6,0.37,0.37,0.9,0.98,0.78
,,7,0.54,0.45,0.34,0.91,0.98,0.53
,,8,0.56,0.5,0.34,0.91,0.97,0.22
,,9,0.6,0.55,0.37,0.9,0.98,0.53
,,10,0.53,0.41,0.39,0.91,0.98,0.66
,,11,0.64,0.39,0.42,0.87,0.98,0.83
,,12,0.67,0.4,0.39,0.89,0.98,0.8
,,13,0.59,0.53,0.16,0.88,0.67,0.01
,,14,0.59,0.48,0.43,0.9,0.99,0.72
,,15,0.58,0.45,0.4,0.88,0.97,0.66
,,16,0.68,0.36,0.48,0.89,0.97,0.83
,,17,0.7,0.14,0.44,0.79,0.9,0.79
,,18,0.62,0.54,0.24,0.92,0.97,0.06
,,19,0.74,0.03,0.39,0.76,0.78,0.63
,,20,0.58,0.4,0.49,0.87,0.97,0.77
,,21,0.67,0.52,0.31,0.92,0.95,0.13
,,22,0.69,0.35,0.53,0.9,0.94,0.66
,,Mean,0.61,0.42,0.37,0.88,0.93,0.53
,,Stdev,0.06,0.13,0.09,0.04,0.11,0.28
,,Difference,0.03,0.07,-0.06,0,0,-0.04
Brain (L),SOM-VN,1,N/A,N/A,N/A,N/A,0.83,1
,,2,N/A,N/A,N/A,N/A,0.88,1
,,3,N/A,N/A,N/A,N/A,0.9,1
,,4,N/A,N/A,N/A,N/A,0.93,1
,,5,N/A,N/A,N/A,N/A,0.9,1
,,6,N/A,N/A,N/A,N/A,0.87,1
,,7,N/A,N/A,N/A,N/A,0.88,1
,,8,N/A,N/A,N/A,N/A,0.9,1
,,9,N/A,N/A,N/A,N/A,0.85,1
,,10,N/A,N/A,N/A,N/A,0.86,1
,,11,N/A,N/A,N/A,N/A,0.83,1
,,12,N/A,N/A,N/A,N/A,0.86,1
,,13,N/A,N/A,N/A,N/A,0.92,1
,,14,N/A,N/A,N/A,N/A,0.85,1
,,15,N/A,N/A,N/A,N/A,0.85,1
,,16,N/A,N/A,N/A,N/A,0.75,1
,,17,N/A,N/A,N/A,N/A,0.71,1
,,18,N/A,N/A,N/A,N/A,0.89,1
,,19,N/A,N/A,N/A,N/A,0.57,1
,,20,N/A,N/A,N/A,N/A,0.75,1
,,21,N/A,N/A,N/A,N/A,0.88,1
,,22,N/A,N/A,N/A,N/A,0.65,1
,,Mean,N/A,N/A,N/A,N/A,0.83,1
,,Stdev,N/A,N/A,N/A,N/A,0.09,0
,Magnitude,1,N/A,N/A,N/A,N/A,0.83,1
,,2,N/A,N/A,N/A,N/A,0.88,1
,,3,N/A,N/A,N/A,N/A,0.9,1
,,4,N/A,N/A,N/A,N/A,0.93,1
,,5,N/A,N/A,N/A,N/A,0.9,1
,,6,N/A,N/A,N/A,N/A,0.87,1
,,7,N/A,N/A,N/A,N/A,0.88,1
,,8,N/A,N/A,N/A,N/A,0.9,1
,,9,N/A,N/A,N/A,N/A,0.85,1
,,10,N/A,N/A,N/A,N/A,0.86,1
,,11,N/A,N/A,N/A,N/A,0.84,1
,,12,N/A,N/A,N/A,N/A,0.86,1
,,13,N/A,N/A,N/A,N/A,0.93,1
,,14,N/A,N/A,N/A,N/A,0.86,1
,,15,N/A,N/A,N/A,N/A,0.85,1
,,16,N/A,N/A,N/A,N/A,0.77,1
,,17,N/A,N/A,N/A,N/A,0.71,1
,,18,N/A,N/A,N/A,N/A,0.89,1
,,19,N/A,N/A,N/A,N/A,0.63,1
,,20,N/A,N/A,N/A,N/A,0.76,1
,,21,N/A,N/A,N/A,N/A,0.88,1
,,22,N/A,N/A,N/A,N/A,0.67,1
,,Mean,N/A,N/A,N/A,N/A,0.84,1
,,Stdev,N/A,N/A,N/A,N/A,0.08,0
,SOM-VN (RPKM > 5),1,N/A,N/A,N/A,N/A,0.84,1
,,2,N/A,N/A,N/A,N/A,0.89,1
,,3,N/A,N/A,N/A,N/A,0.9,1
,,4,N/A,N/A,N/A,N/A,0.93,1
,,5,N/A,N/A,N/A,N/A,0.89,1
,,6,N/A,N/A,N/A,N/A,0.88,1
,,7,N/A,N/A,N/A,N/A,0.89,1
,,8,N/A,N/A,N/A,N/A,0.9,1
,,9,N/A,N/A,N/A,N/A,0.85,1
,,10,N/A,N/A,N/A,N/A,0.86,1
,,11,N/A,N/A,N/A,N/A,0.85,1
,,12,N/A,N/A,N/A,N/A,0.86,1
,,13,N/A,N/A,N/A,N/A,0.92,1
,,14,N/A,N/A,N/A,N/A,0.86,1
,,15,N/A,N/A,N/A,N/A,0.85,1
,,16,N/A,N/A,N/A,N/A,0.77,1
,,17,N/A,N/A,N/A,N/A,0.72,1
,,18,N/A,N/A,N/A,N/A,0.89,1
,,19,N/A,N/A,N/A,N/A,0.6,1
,,20,N/A,N/A,N/A,N/A,0.76,1
,,21,N/A,N/A,N/A,N/A,0.88,1
,,22,N/A,N/A,N/A,N/A,0.67,1
,,Mean,N/A,N/A,N/A,N/A,0.84,1
,,Stdev,N/A,N/A,N/A,N/A,0.08,0
,,Difference,N/A,N/A,N/A,N/A,0.01,0
Brain (H),SOM-VN,1,0.56,0.36,0.4,0.32,0.82,0.9
,,2,0.47,0.31,0.36,0.33,0.86,0.9
,,3,0.49,0.35,0.29,0.31,0.88,0.9
,,4,0.44,0.33,0.25,0.34,0.92,0.9
,,5,0.49,0.32,0.32,0.33,0.88,0.9
,,6,0.58,0.35,0.31,0.29,0.87,0.91
,,7,0.51,0.34,0.35,0.33,0.86,0.9
,,8,0.43,0.31,0.33,0.31,0.87,0.9
,,9,0.48,0.37,0.39,0.32,0.84,0.89
,,10,0.43,0.28,0.38,0.31,0.82,0.89
,,11,0.51,0.34,0.43,0.33,0.82,0.91
,,12,0.55,0.38,0.36,0.33,0.85,0.9
,,13,0.39,0.31,0.26,0.34,0.91,0.89
,,14,0.54,0.38,0.37,0.33,0.84,0.89
,,15,0.57,0.39,0.37,0.32,0.82,0.88
,,16,0.54,0.34,0.45,0.3,0.74,0.88
,,17,0.63,0.3,0.49,0.3,0.68,0.9
,,18,0.42,0.27,0.31,0.31,0.86,0.89
,,19,0.46,0.21,0.32,0.28,0.53,0.73
,,20,0.53,0.3,0.51,0.32,0.72,0.89
,,21,0.45,0.35,0.33,0.33,0.87,0.89
,,22,0.44,0.32,0.59,0.35,0.63,0.86
,,Mean,0.5,0.33,0.37,0.32,0.81,0.89
,,Stdev,0.06,0.04,0.08,0.02,0.1,0.04
,Magnitude,1,0.09,1,N/A,N/A,N/A,N/A
,,2,0.06,1,N/A,N/A,N/A,N/A
,,3,0.06,1,N/A,N/A,N/A,N/A
,,4,0.05,1,N/A,N/A,N/A,N/A
,,5,0.06,1,N/A,N/A,N/A,N/A
,,6,0.07,1,N/A,N/A,N/A,N/A
,,7,0.07,1,N/A,N/A,N/A,N/A
,,8,0.05,1,N/A,N/A,N/A,N/A
,,9,0.07,1,N/A,N/A,N/A,N/A
,,10,0.08,1,N/A,N/A,N/A,N/A
,,11,0.08,1,N/A,N/A,N/A,N/A
,,12,0.08,1,N/A,N/A,N/A,N/A
,,13,0.05,1,N/A,N/A,N/A,N/A
,,14,0.08,1,N/A,N/A,N/A,N/A
,,15,0.09,1,N/A,N/A,N/A,N/A
,,16,0.11,1,N/A,N/A,N/A,N/A
,,17,0.12,1,N/A,N/A,N/A,N/A
,,18,0.06,1,N/A,N/A,N/A,N/A
,,19,0.17,1,N/A,N/A,N/A,N/A
,,20,0.11,1,N/A,N/A,N/A,N/A
,,21,0.06,1,N/A,N/A,N/A,N/A
,,22,0.12,1,N/A,N/A,N/A,N/A
,,Mean,0.08,1,N/A,N/A,N/A,N/A
,,Stdev,0.03,0,N/A,N/A,N/A,N/A
,SOM-VN (RPKM > 5),1,0.54,0.41,0.38,0.33,0.86,0.9
,,2,0.47,0.37,0.32,0.34,0.9,0.9
,,3,0.46,0.42,0.27,0.33,0.92,0.9
,,4,0.45,0.39,0.21,0.36,0.94,0.9
,,5,0.48,0.4,0.3,0.36,0.92,0.9
,,6,0.58,0.42,0.28,0.31,0.91,0.91
,,7,0.51,0.44,0.32,0.34,0.9,0.9
,,8,0.42,0.38,0.29,0.33,0.91,0.9
,,9,0.48,0.43,0.34,0.32,0.88,0.9
,,10,0.43,0.34,0.35,0.32,0.87,0.89
,,11,0.51,0.42,0.39,0.33,0.87,0.91
,,12,0.52,0.45,0.34,0.33,0.88,0.9
,,13,0.41,0.4,0.22,0.36,0.94,0.89
,,14,0.51,0.42,0.33,0.34,0.88,0.89
,,15,0.53,0.46,0.37,0.35,0.87,0.89
,,16,0.53,0.41,0.46,0.32,0.8,0.89
,,17,0.64,0.37,0.51,0.31,0.73,0.91
,,18,0.42,0.35,0.28,0.33,0.9,0.89
,,19,0.43,0.22,0.33,0.27,0.58,0.75
,,20,0.53,0.38,0.5,0.33,0.78,0.9
,,21,0.42,0.4,0.29,0.31,0.9,0.9
,,22,0.44,0.38,0.57,0.37,0.72,0.87
,,Mean,0.49,0.39,0.34,0.33,0.86,0.89
,,Stdev,0.06,0.05,0.09,0.02,0.09,0.03
,,Difference,-0.01,0.07,-0.03,0.01,0.05,0.01
GM12878,SOM-VN,1,0.66,0.48,N/A,N/A,0.84,0.99
,,2,0.57,0.5,N/A,N/A,0.89,0.99
,,3,0.55,0.52,N/A,N/A,0.89,0.98
,,4,0.47,0.56,N/A,N/A,0.95,0.98
,,5,0.56,0.53,N/A,N/A,0.91,0.99
,,6,0.67,0.46,N/A,N/A,0.87,0.99
,,7,0.57,0.54,N/A,N/A,0.91,0.98
,,8,0.54,0.56,N/A,N/A,0.92,0.98
,,9,0.58,0.54,N/A,N/A,0.88,0.98
,,10,0.59,0.45,N/A,N/A,0.87,0.99
,,11,0.67,0.51,N/A,N/A,0.86,0.99
,,12,0.65,0.47,N/A,N/A,0.86,0.99
,,13,0.47,0.56,N/A,N/A,0.93,0.98
,,14,0.63,0.51,N/A,N/A,0.87,0.99
,,15,0.63,0.48,N/A,N/A,0.83,0.98
,,16,0.65,0.54,N/A,N/A,0.74,0.97
,,17,0.76,0.33,N/A,N/A,0.38,0.92
,,18,0.43,0.56,N/A,N/A,0.92,0.97
,,19,0.71,0.31,N/A,N/A,0.34,0.85
,,20,0.62,0.52,N/A,N/A,0.82,0.98
,,21,0.52,0.6,N/A,N/A,0.92,0.98
,,22,0.67,0.52,N/A,N/A,0.64,0.97
,,Mean,0.6,0.5,N/A,N/A,0.82,0.97
,,Stdev,0.08,0.07,N/A,N/A,0.16,0.03
,CAGT,1,N/A,N/A,N/A,N/A,0.7,1
,,2,N/A,N/A,N/A,N/A,0.86,1
,,3,N/A,N/A,N/A,N/A,0.86,1
,,4,N/A,N/A,N/A,N/A,0.92,1
,,5,N/A,N/A,N/A,N/A,0.88,1
,,6,N/A,N/A,N/A,N/A,0.75,1
,,7,N/A,N/A,N/A,N/A,0.87,1
,,8,N/A,N/A,N/A,N/A,0.89,1
,,9,N/A,N/A,N/A,N/A,0.84,1
,,10,N/A,N/A,N/A,N/A,0.82,1
,,11,N/A,N/A,N/A,N/A,0.71,1
,,12,N/A,N/A,N/A,N/A,0.74,1
,,13,N/A,N/A,N/A,N/A,0.9,1
,,14,N/A,N/A,N/A,N/A,0.81,1
,,15,N/A,N/A,N/A,N/A,0.77,1
,,16,N/A,N/A,N/A,N/A,0.67,1
,,17,N/A,N/A,N/A,N/A,0.34,1
,,18,N/A,N/A,N/A,N/A,0.89,1
,,19,N/A,N/A,N/A,N/A,0.3,1
,,20,N/A,N/A,N/A,N/A,0.7,1
,,21,N/A,N/A,N/A,N/A,0.89,1
,,22,N/A,N/A,N/A,N/A,0.58,1
,,Mean,N/A,N/A,N/A,N/A,0.76,1
,,Stdev,N/A,N/A,N/A,N/A,0.17,0
,Magnitude,1,N/A,N/A,N/A,N/A,0.79,1
,,2,N/A,N/A,N/A,N/A,0.86,1
,,3,N/A,N/A,N/A,N/A,0.85,1
,,4,N/A,N/A,N/A,N/A,0.92,1
,,5,N/A,N/A,N/A,N/A,0.88,1
,,6,N/A,N/A,N/A,N/A,0.84,1
,,7,N/A,N/A,N/A,N/A,0.87,1
,,8,N/A,N/A,N/A,N/A,0.88,1
,,9,N/A,N/A,N/A,N/A,0.83,1
,,10,N/A,N/A,N/A,N/A,0.84,1
,,11,N/A,N/A,N/A,N/A,0.82,1
,,12,N/A,N/A,N/A,N/A,0.82,1
,,13,N/A,N/A,N/A,N/A,0.9,1
,,14,N/A,N/A,N/A,N/A,0.83,1
,,15,N/A,N/A,N/A,N/A,0.8,1
,,16,N/A,N/A,N/A,N/A,0.79,1
,,17,N/A,N/A,N/A,N/A,0.64,1
,,18,N/A,N/A,N/A,N/A,0.89,1
,,19,N/A,N/A,N/A,N/A,0.65,1
,,20,N/A,N/A,N/A,N/A,0.78,1
,,21,N/A,N/A,N/A,N/A,0.88,1
,,22,N/A,N/A,N/A,N/A,0.68,1
,,Mean,N/A,N/A,N/A,N/A,0.82,1
,,Stdev,N/A,N/A,N/A,N/A,0.08,0
,SOM-VN (RPKM > 5),1,0.8,0.51,N/A,N/A,0.84,1
,,2,0.74,0.5,N/A,N/A,0.89,1
,,3,0.77,0.54,N/A,N/A,0.89,1
,,4,0.64,0.56,N/A,N/A,0.94,0.99
,,5,0.73,0.51,N/A,N/A,0.91,1
,,6,0.82,0.49,N/A,N/A,0.87,1
,,7,0.74,0.54,N/A,N/A,0.9,0.99
,,8,0.72,0.56,N/A,N/A,0.91,0.99
,,9,0.76,0.58,N/A,N/A,0.88,0.99
,,10,0.77,0.49,N/A,N/A,0.87,1
,,11,0.82,0.54,N/A,N/A,0.86,1
,,12,0.8,0.51,N/A,N/A,0.87,0.99
,,13,0.63,0.53,N/A,N/A,0.92,0.99
,,14,0.8,0.52,N/A,N/A,0.86,1
,,15,0.8,0.5,N/A,N/A,0.83,0.99
,,16,0.79,0.55,N/A,N/A,0.74,0.99
,,17,0.74,0.42,N/A,N/A,0.5,0.94
,,18,0.6,0.51,N/A,N/A,0.91,0.99
,,19,0.67,0.38,N/A,N/A,0.47,0.9
,,20,0.78,0.54,N/A,N/A,0.82,1
,,21,0.73,0.61,N/A,N/A,0.91,0.99
,,22,0.82,0.54,N/A,N/A,0.64,0.99
,,Mean,0.75,0.52,N/A,N/A,0.83,0.99
,,Average,0.06,0.05,N/A,N/A,0.13,0.02
,,Difference,0.15,0.02,N/A,N/A,0.01,0.01
H1 (L),SOM-VN,1,0.24,0.81,N/A,N/A,0.9,0.87
,,2,0.16,0.84,N/A,N/A,0.93,0.86
,,3,0.16,0.81,N/A,N/A,0.92,0.87
,,4,0.15,0.82,N/A,N/A,0.95,0.89
,,5,0.17,0.85,N/A,N/A,0.94,0.88
,,6,0.23,0.84,N/A,N/A,0.92,0.89
,,7,0.2,0.8,N/A,N/A,0.92,0.89
,,8,0.15,0.85,N/A,N/A,0.94,0.87
,,9,0.22,0.79,N/A,N/A,0.9,0.88
,,10,0.19,0.76,N/A,N/A,0.92,0.88
,,11,0.26,0.84,N/A,N/A,0.89,0.89
,,12,0.23,0.84,N/A,N/A,0.91,0.88
,,13,0.1,0.86,N/A,N/A,0.95,0.82
,,14,0.22,0.83,N/A,N/A,0.91,0.88
,,15,0.2,0.79,N/A,N/A,0.9,0.86
,,16,0.27,0.75,N/A,N/A,0.87,0.86
,,17,0.36,0.74,N/A,N/A,0.73,0.86
,,18,0.13,0.81,N/A,N/A,0.94,0.86
,,19,0.47,0.67,N/A,N/A,0.59,0.67
,,20,0.24,0.79,N/A,N/A,0.87,0.86
,,21,0.12,0.8,N/A,N/A,0.95,0.8
,,22,0.27,0.75,N/A,N/A,0.77,0.82
,,Mean,0.22,0.8,N/A,N/A,0.89,0.86
,,Standard Dev,0.08,0.05,N/A,N/A,0.09,0.05
,CAGT,1,0.05,0.72,N/A,N/A,0.59,0.08
,,2,0.03,0.75,N/A,N/A,0.71,0.09
,,3,0.03,0.74,N/A,N/A,0.7,0.08
,,4,0.02,0.73,N/A,N/A,0.75,0.08
,,5,0.03,0.73,N/A,N/A,0.7,0.08
,,6,0.04,0.71,N/A,N/A,0.65,0.08
,,7,0.03,0.72,N/A,N/A,0.65,0.08
,,8,0.02,0.71,N/A,N/A,0.72,0.09
,,9,0.04,0.74,N/A,N/A,0.64,0.08
,,10,0.04,0.68,N/A,N/A,0.64,0.08
,,11,0.05,0.72,N/A,N/A,0.56,0.07
,,12,0.04,0.7,N/A,N/A,0.62,0.08
,,13,0.02,0.74,N/A,N/A,0.86,0.16
,,14,0.04,0.67,N/A,N/A,0.63,0.07
,,15,0.04,0.74,N/A,N/A,0.64,0.09
,,16,0.06,0.72,N/A,N/A,0.61,0.1
,,17,0.12,0.69,N/A,N/A,0.4,0.13
,,18,0.02,0.71,N/A,N/A,0.74,0.09
,,19,0.3,0.65,N/A,N/A,0.43,0.26
,,20,0.05,0.7,N/A,N/A,0.59,0.09
,,21,0.03,0.74,N/A,N/A,0.81,0.15
,,22,0.08,0.67,N/A,N/A,0.45,0.11
,,Mean,0.05,0.71,N/A,N/A,0.64,0.1
,,Standard Dev,0.06,0.03,N/A,N/A,0.11,0.04
,Magnitude,1,0.1,1,N/A,N/A,1,0
,,2,0.05,1,N/A,N/A,0,0
,,3,0.05,1,N/A,N/A,0,0
,,4,0.04,1,N/A,N/A,0,0
,,5,0.05,1,N/A,N/A,0,0
,,6,0.07,1,N/A,N/A,0,0
,,7,0.07,1,N/A,N/A,0,0
,,8,0.05,1,N/A,N/A,0,0
,,9,0.08,1,N/A,N/A,0,0
,,10,0.07,1,N/A,N/A,0,0
,,11,0.09,1,N/A,N/A,0,0
,,12,0.08,1,N/A,N/A,0,0
,,13,0.04,1,N/A,N/A,0,0
,,14,0.08,1,N/A,N/A,0,0
,,15,0.09,1,N/A,N/A,0,0
,,16,0.11,1,N/A,N/A,0,0
,,17,0.17,1,N/A,N/A,0,0
,,18,0.04,1,N/A,N/A,0,0
,,19,0.29,1,N/A,N/A,0,0
,,20,0.1,1,N/A,N/A,0,0
,,21,0.04,1,N/A,N/A,0,0
,,22,0.17,1,N/A,N/A,0,0
,,Mean,0.09,1,N/A,N/A,0.05,0
,,Stdev,0.06,0,N/A,N/A,0.21,0
,SOM-VN (RPKM > 5),1,0.3,0.83,N/A,N/A,0.92,0.86
,,2,0.19,0.79,N/A,N/A,0.94,0.83
,,3,0.2,0.82,N/A,N/A,0.95,0.83
,,4,0.17,0.78,N/A,N/A,0.96,0.85
,,5,0.19,0.79,N/A,N/A,0.95,0.84
,,6,0.26,0.8,N/A,N/A,0.94,0.87
,,7,0.25,0.77,N/A,N/A,0.94,0.87
,,8,0.18,0.77,N/A,N/A,0.95,0.83
,,9,0.26,0.8,N/A,N/A,0.92,0.87
,,10,0.24,0.78,N/A,N/A,0.93,0.87
,,11,0.31,0.82,N/A,N/A,0.92,0.89
,,12,0.29,0.82,N/A,N/A,0.94,0.87
,,13,0.11,0.82,N/A,N/A,0.96,0.7
,,14,0.27,0.78,N/A,N/A,0.94,0.87
,,15,0.28,0.83,N/A,N/A,0.93,0.86
,,16,0.33,0.82,N/A,N/A,0.9,0.86
,,17,0.42,0.8,N/A,N/A,0.83,0.88
,,18,0.15,0.76,N/A,N/A,0.95,0.82
,,19,0.58,0.75,N/A,N/A,0.74,0.85
,,20,0.29,0.82,N/A,N/A,0.9,0.85
,,21,0.14,0.84,N/A,N/A,0.95,0.71
,,22,0.34,0.78,N/A,N/A,0.8,0.83
,,Mean,0.26,0.8,N/A,N/A,0.92,0.84
,,Stdev,0.1,0.03,N/A,N/A,0.06,0.05
,,Difference,0.13,-0.02,N/A,N/A,-0.09,-0.03
H1 (H),SOM-VN,1,0.58,0.56,N/A,N/A,0.72,0.96
,,2,0.57,0.58,N/A,N/A,0.83,0.98
,,3,0.58,0.57,N/A,N/A,0.85,0.98
,,4,0.57,0.52,N/A,N/A,0.88,0.98
,,5,0.58,0.55,N/A,N/A,0.84,0.98
,,6,0.62,0.51,N/A,N/A,0.81,0.98
,,7,0.53,0.52,N/A,N/A,0.8,0.97
,,8,0.54,0.53,N/A,N/A,0.84,0.98
,,9,0.53,0.59,N/A,N/A,0.76,0.96
,,10,0.59,0.54,N/A,N/A,0.78,0.97
,,11,0.58,0.56,N/A,N/A,0.7,0.96
,,12,0.63,0.55,N/A,N/A,0.78,0.98
,,13,0.37,0.78,N/A,N/A,0.93,0.97
,,14,0.6,0.6,N/A,N/A,0.8,0.97
,,15,0.58,0.6,N/A,N/A,0.75,0.97
,,16,0.64,0.65,N/A,N/A,0.67,0.94
,,17,0.64,0.49,N/A,N/A,0.49,0.92
,,18,0.53,0.59,N/A,N/A,0.85,0.98
,,19,0.73,0.37,N/A,N/A,0.36,0.92
,,20,0.58,0.54,N/A,N/A,0.67,0.95
,,21,0.37,0.75,N/A,N/A,0.91,0.95
,,22,0.58,0.59,N/A,N/A,0.53,0.93
,,Mean,0.57,0.57,N/A,N/A,0.75,0.96
,,Stdev,0.08,0.08,N/A,N/A,0.14,0.02
,CAGT,1,N/A,N/A,N/A,N/A,0.61,1
,,2,N/A,N/A,N/A,N/A,0.77,1
,,3,N/A,N/A,N/A,N/A,0.79,1
,,4,N/A,N/A,N/A,N/A,0.84,1
,,5,N/A,N/A,N/A,N/A,0.78,1
,,6,N/A,N/A,N/A,N/A,0.74,1
,,7,N/A,N/A,N/A,N/A,0.72,1
,,8,N/A,N/A,N/A,N/A,0.78,1
,,9,N/A,N/A,N/A,N/A,0.66,1
,,10,N/A,N/A,N/A,N/A,0.7,1
,,11,N/A,N/A,N/A,N/A,0.6,1
,,12,N/A,N/A,N/A,N/A,0.69,1
,,13,N/A,N/A,N/A,N/A,0.9,1
,,14,N/A,N/A,N/A,N/A,0.72,1
,,15,N/A,N/A,N/A,N/A,0.68,1
,,16,N/A,N/A,N/A,N/A,0.56,1
,,17,N/A,N/A,N/A,N/A,0.39,1
,,18,N/A,N/A,N/A,N/A,0.81,1
,,19,N/A,N/A,N/A,N/A,0.3,1
,,20,N/A,N/A,N/A,N/A,0.57,1
,,21,N/A,N/A,N/A,N/A,0.84,1
,,22,N/A,N/A,N/A,N/A,0.44,1
,,Mean,N/A,N/A,N/A,N/A,0.68,1
,,Stdev,N/A,N/A,N/A,N/A,0.15,0
,Magnitude,1,N/A,N/A,N/A,N/A,0.75,1
,,2,N/A,N/A,N/A,N/A,0.82,1
,,3,N/A,N/A,N/A,N/A,0.82,1
,,4,N/A,N/A,N/A,N/A,0.87,1
,,5,N/A,N/A,N/A,N/A,0.83,1
,,6,N/A,N/A,N/A,N/A,0.81,1
,,7,N/A,N/A,N/A,N/A,0.81,1
,,8,N/A,N/A,N/A,N/A,0.83,1
,,9,N/A,N/A,N/A,N/A,0.79,1
,,10,N/A,N/A,N/A,N/A,0.79,1
,,11,N/A,N/A,N/A,N/A,0.78,1
,,12,N/A,N/A,N/A,N/A,0.79,1
,,13,N/A,N/A,N/A,N/A,0.91,1
,,14,N/A,N/A,N/A,N/A,0.8,1
,,15,N/A,N/A,N/A,N/A,0.74,1
,,16,N/A,N/A,N/A,N/A,0.74,1
,,17,N/A,N/A,N/A,N/A,0.64,1
,,18,N/A,N/A,N/A,N/A,0.84,1
,,19,N/A,N/A,N/A,N/A,0.57,1
,,20,N/A,N/A,N/A,N/A,0.73,1
,,21,N/A,N/A,N/A,N/A,0.88,1
,,22,N/A,N/A,N/A,N/A,0.58,1
,,Mean,N/A,N/A,N/A,N/A,0.78,1
,,Stdev,N/A,N/A,N/A,N/A,0.09,0
,SOM-VN (RPKM > 5),1,0.65,0.68,N/A,N/A,0.82,0.97
,,2,0.64,0.74,N/A,N/A,0.9,0.98
,,3,0.67,0.73,N/A,N/A,0.91,0.99
,,4,0.62,0.7,N/A,N/A,0.94,0.99
,,5,0.64,0.71,N/A,N/A,0.91,0.99
,,6,0.68,0.64,N/A,N/A,0.89,0.99
,,7,0.61,0.67,N/A,N/A,0.87,0.98
,,8,0.62,0.69,N/A,N/A,0.91,0.98
,,9,0.62,0.72,N/A,N/A,0.84,0.97
,,10,0.65,0.7,N/A,N/A,0.87,0.98
,,11,0.65,0.68,N/A,N/A,0.79,0.97
,,12,0.7,0.68,N/A,N/A,0.86,0.98
,,13,0.58,0.74,N/A,N/A,0.93,0.98
,,14,0.66,0.74,N/A,N/A,0.87,0.98
,,15,0.66,0.74,N/A,N/A,0.85,0.97
,,16,0.67,0.72,N/A,N/A,0.76,0.95
,,17,0.7,0.57,N/A,N/A,0.6,0.94
,,18,0.59,0.72,N/A,N/A,0.92,0.98
,,19,0.75,0.42,N/A,N/A,0.47,0.94
,,20,0.63,0.67,N/A,N/A,0.77,0.96
,,21,0.52,0.73,N/A,N/A,0.9,0.98
,,22,0.66,0.7,N/A,N/A,0.66,0.95
,,Mean,0.64,0.69,N/A,N/A,0.83,0.97
,,Stdev,0.05,0.07,N/A,N/A,0.12,0.02
,,Difference,0.07,0.12,N/A,N/A,0.08,0.01
Heart (L),SOM-VN,1,0.62,0.02,0.5,0.43,0.79,0.93
,,2,0.67,0.05,0.46,0.44,0.88,0.92
,,3,0.63,0.06,0.44,0.44,0.88,0.91
,,4,0.73,0.07,0.41,0.5,0.92,0.92
,,5,0.7,0.04,0.45,0.42,0.88,0.93
,,6,0.8,0.05,0.43,0.42,0.87,0.92
,,7,0.84,0.05,0.43,0.42,0.88,0.92
,,8,0.48,0.02,0.44,0.45,0.89,0.92
,,9,0.48,0.04,0.45,0.47,0.87,0.91
,,10,0.9,0.02,0.51,0.44,0.82,0.93
,,11,0.81,0.02,0.5,0.42,0.82,0.94
,,12,0.87,0.03,0.46,0.42,0.84,0.93
,,13,0.75,0.08,0.43,0.52,0.92,0.91
,,14,0.85,0.06,0.45,0.45,0.88,0.92
,,15,0.62,0.01,0.52,0.44,0.78,0.92
,,16,0.75,0.04,0.45,0.45,0.84,0.92
,,17,0.5,0,0.47,0.38,0.71,0.93
,,18,0.67,0.06,0.43,0.53,0.91,0.9
,,19,1,0,0.31,0.33,0.68,0.89
,,20,0.89,0.02,0.48,0.46,0.81,0.91
,,21,0.77,0.09,0.38,0.51,0.9,0.88
,,22,0.7,0.03,0.58,0.52,0.72,0.88
,,Mean,0.73,0.04,0.45,0.45,0.84,0.92
,,Stdev,0.14,0.02,0.05,0.05,0.07,0.01
,CAGT,1,N/A,N/A,0.49,0.03,0.7,0.99
,,2,N/A,N/A,0.41,0.05,0.81,0.99
,,3,N/A,N/A,0.42,0.05,0.81,0.99
,,4,N/A,N/A,0.3,0.06,0.87,0.98
,,5,N/A,N/A,0.44,0.05,0.82,0.99
,,6,N/A,N/A,0.38,0.05,0.8,0.99
,,7,N/A,N/A,0.36,0.05,0.82,0.99
,,8,N/A,N/A,0.36,0.04,0.83,0.99
,,9,N/A,N/A,0.41,0.05,0.79,0.99
,,10,N/A,N/A,0.49,0.03,0.74,0.99
,,11,N/A,N/A,0.47,0.03,0.74,0.99
,,12,N/A,N/A,0.39,0.03,0.77,0.99
,,13,N/A,N/A,0.3,0.06,0.86,0.98
,,14,N/A,N/A,0.46,0.05,0.81,0.99
,,15,N/A,N/A,0.53,0.04,0.69,0.99
,,16,N/A,N/A,0.46,0.04,0.76,0.99
,,17,N/A,N/A,0.53,0.03,0.6,0.99
,,18,N/A,N/A,0.36,0.07,0.84,0.98
,,19,N/A,N/A,0.3,0.02,0.52,0.99
,,20,N/A,N/A,0.45,0.04,0.73,0.99
,,21,N/A,N/A,0.29,0.07,0.84,0.98
,,22,N/A,N/A,0.72,0.06,0.6,0.99
,,Mean,N/A,N/A,0.42,0.05,0.76,0.99
,,Stdev,N/A,N/A,0.1,0.01,0.09,0
,Magnitude,1,N/A,N/A,0,0,0.7,1
,,2,N/A,N/A,0,0,0.8,1
,,3,N/A,N/A,1,0,0.8,1
,,4,N/A,N/A,0,0,0.86,1
,,5,N/A,N/A,0,0,0.81,1
,,6,N/A,N/A,0.5,0,0.79,1
,,7,N/A,N/A,0,0,0.82,1
,,8,N/A,N/A,0,0,0.83,1
,,9,N/A,N/A,0,0,0.79,1
,,10,N/A,N/A,0,0,0.74,1
,,11,N/A,N/A,0,0,0.73,1
,,12,N/A,N/A,0,0,0.76,1
,,13,N/A,N/A,0,0,0.85,1
,,14,N/A,N/A,0,0,0.8,1
,,15,N/A,N/A,0,0,0.69,1
,,16,N/A,N/A,1,0,0.76,1
,,17,N/A,N/A,0,0,0.64,1
,,18,N/A,N/A,0,0,0.83,1
,,19,N/A,N/A,0,0,0.67,1
,,20,N/A,N/A,0,0,0.72,1
,,21,N/A,N/A,0.5,0,0.83,1
,,22,N/A,N/A,0,0,0.58,1
,,Mean,N/A,N/A,0.14,0,0.76,1
,,Stdev,N/A,N/A,0.32,0,0.07,0
,SOM-VN (RPKM > 5),1,0.67,0.02,0.47,0.42,0.84,0.93
,,2,0.75,0.04,0.46,0.47,0.89,0.93
,,3,0.76,0.06,0.45,0.46,0.89,0.93
,,4,0.78,0.06,0.41,0.52,0.93,0.93
,,5,0.72,0.03,0.46,0.45,0.89,0.94
,,6,0.88,0.04,0.44,0.45,0.89,0.93
,,7,0.87,0.04,0.43,0.45,0.9,0.94
,,8,0.68,0.02,0.45,0.47,0.91,0.94
,,9,0.6,0.04,0.46,0.48,0.88,0.93
,,10,0.79,0.03,0.49,0.45,0.87,0.94
,,11,0.85,0.03,0.47,0.43,0.87,0.94
,,12,0.83,0.04,0.42,0.42,0.88,0.94
,,13,0.82,0.07,0.43,0.54,0.92,0.93
,,14,0.87,0.05,0.43,0.44,0.89,0.94
,,15,0.75,0.02,0.49,0.45,0.83,0.92
,,16,0.77,0.05,0.42,0.45,0.88,0.93
,,17,1,0.01,0.45,0.36,0.76,0.93
,,18,0.72,0.04,0.43,0.56,0.92,0.92
,,19,0,0,0.3,0.32,0.75,0.9
,,20,0.89,0.03,0.43,0.42,0.85,0.92
,,21,0.83,0.07,0.4,0.53,0.91,0.91
,,22,0.56,0.02,0.55,0.5,0.76,0.9
,,Mean,0.75,0.04,0.44,0.46,0.87,0.93
,,Stdev,0.19,0.02,0.05,0.06,0.05,0.01
,,Difference,0.02,0,-0.01,0.01,0.03,0.01
Heart (H),SOM-VN,1,0.34,0.02,0.47,0.95,0.95,0.62
,,2,0.25,0.02,0.43,0.96,0.97,0.58
,,3,0.32,0.02,0.43,0.96,0.97,0.58
,,4,0.16,0.01,0.36,0.99,0.98,0.3
,,5,0.15,0.01,0.41,0.97,0.97,0.49
,,6,0.26,0.02,0.42,0.97,0.97,0.57
,,7,0.19,0.02,0.39,0.97,0.97,0.47
,,8,0.24,0.02,0.4,0.97,0.97,0.5
,,9,0.23,0.02,0.42,0.97,0.97,0.5
,,10,0.24,0.01,0.47,0.96,0.96,0.62
,,11,0.27,0.01,0.46,0.95,0.96,0.67
,,12,0.48,0.02,0.42,0.96,0.97,0.66
,,13,0,0,0.34,0.98,0.97,0.06
,,14,0.23,0.01,0.42,0.98,0.97,0.56
,,15,0.28,0.01,0.49,0.97,0.95,0.55
,,16,0.22,0.01,0.43,0.95,0.96,0.67
,,17,0.44,0.02,0.49,0.94,0.93,0.68
,,18,0.11,0.01,0.39,0.97,0.97,0.45
,,19,0.31,0.01,0.39,0.87,0.9,0.7
,,20,0.36,0.02,0.45,0.95,0.95,0.61
,,21,0.1,0.01,0.36,0.98,0.95,0.11
,,22,0.2,0.01,0.54,0.98,0.95,0.54
,,Mean,0.25,0.01,0.43,0.96,0.96,0.52
,,Stdev,0.11,0.01,0.05,0.02,0.02,0.17
,CAGT,1,N/A,N/A,0.41,0.93,0.73,0.19
,,2,N/A,N/A,0.35,0.94,0.82,0.19
,,3,N/A,N/A,0.34,0.93,0.79,0.19
,,4,N/A,N/A,0.3,0.93,0.86,0.25
,,5,N/A,N/A,0.35,0.94,0.82,0.21
,,6,N/A,N/A,0.36,0.94,0.78,0.18
,,7,N/A,N/A,0.33,0.93,0.79,0.19
,,8,N/A,N/A,0.34,0.94,0.84,0.21
,,9,N/A,N/A,0.36,0.94,0.8,0.19
,,10,N/A,N/A,0.39,0.93,0.78,0.2
,,11,N/A,N/A,0.38,0.94,0.76,0.18
,,12,N/A,N/A,0.35,0.93,0.76,0.2
,,13,N/A,N/A,0.28,0.93,0.86,0.22
,,14,N/A,N/A,0.34,0.94,0.79,0.2
,,15,N/A,N/A,0.4,0.94,0.75,0.18
,,16,N/A,N/A,0.34,0.91,0.76,0.18
,,17,N/A,N/A,0.44,0.93,0.63,0.15
,,18,N/A,N/A,0.33,0.93,0.82,0.21
,,19,N/A,N/A,0.36,0.95,0.69,0.15
,,20,N/A,N/A,0.36,0.94,0.82,0.22
,,21,N/A,N/A,0.32,0.95,0.86,0.23
,,22,N/A,N/A,0.48,0.95,0.69,0.17
,,Mean,N/A,N/A,0.36,0.94,0.78,0.2
,,Stdev,N/A,N/A,0.04,0.01,0.06,0.02
,Magnitude,1,N/A,N/A,0,0,0.68,1
,,2,N/A,N/A,0,0,0.74,1
,,3,N/A,N/A,0,0,0.74,1
,,4,N/A,N/A,0,0,0.8,1
,,5,N/A,N/A,0,0,0.75,1
,,6,N/A,N/A,0,0,0.73,1
,,7,N/A,N/A,0,0,0.75,1
,,8,N/A,N/A,0,0,0.76,1
,,9,N/A,N/A,0,0,0.73,1
,,10,N/A,N/A,0,0,0.71,1
,,11,N/A,N/A,0,0,0.71,1
,,12,N/A,N/A,0,0,0.73,1
,,13,N/A,N/A,0,0,0.78,1
,,14,N/A,N/A,0,0,0.75,1
,,15,N/A,N/A,0,0,0.66,1
,,16,N/A,N/A,0,0,0.74,1
,,17,N/A,N/A,0,0,0.64,1
,,18,N/A,N/A,0,0,0.76,1
,,19,N/A,N/A,0,0,0.68,1
,,20,N/A,N/A,0,0,0.7,1
,,21,N/A,N/A,0.5,0,0.76,1
,,22,N/A,N/A,0,0,0.57,1
,,Mean,N/A,N/A,0.02,0,0.72,1
,,Stdev,N/A,N/A,0.11,0,0.05,0
,SOM-VN (RPKM > 5),1,0.32,0.02,0.38,0.95,0.96,0.55
,,2,0.22,0.02,0.33,0.96,0.98,0.52
,,3,0.34,0.03,0.34,0.97,0.98,0.53
,,4,0.17,0.01,0.28,0.99,0.99,0.27
,,5,0.2,0.02,0.33,0.97,0.98,0.45
,,6,0.27,0.02,0.32,0.97,0.98,0.51
,,7,0.13,0.02,0.3,0.96,0.98,0.42
,,8,0.18,0.02,0.32,0.97,0.98,0.45
,,9,0.14,0.01,0.34,0.97,0.98,0.45
,,10,0.24,0.02,0.37,0.97,0.98,0.57
,,11,0.24,0.02,0.38,0.95,0.97,0.61
,,12,0.47,0.03,0.35,0.97,0.98,0.6
,,13,0.04,0,0.27,0.98,0.96,0.05
,,14,0.19,0.01,0.35,0.98,0.98,0.5
,,15,0.35,0.02,0.4,0.97,0.97,0.49
,,16,0.14,0.01,0.35,0.95,0.97,0.62
,,17,0.35,0.01,0.41,0.93,0.95,0.61
,,18,0.07,0.01,0.31,0.98,0.98,0.41
,,19,0.31,0.01,0.32,0.87,0.92,0.64
,,20,0.42,0.02,0.39,0.96,0.96,0.56
,,21,0.22,0.02,0.28,0.98,0.95,0.1
,,22,0.2,0.01,0.47,0.98,0.97,0.48
,,Mean,0.24,0.02,0.35,0.96,0.97,0.47
,,Stdev,0.11,0.01,0.05,0.02,0.02,0.16
,,Difference,-0.01,0,-0.08,0,0.01,-0.05
HeLa (L),SOM-VN,1,0.46,0.63,0.25,0,0.8,0.92
,,2,0.27,0.73,0.43,0,0.94,0.92
,,3,0.35,0.69,0.67,0,0.9,0.94
,,4,0.14,0.8,0.33,0.01,0.97,0.91
,,5,0.3,0.66,0.4,0,0.9,0.93
,,6,0.4,0.63,0.4,0,0.89,0.94
,,7,0.39,0.65,0.4,0,0.89,0.94
,,8,0.35,0.65,0.14,0,0.9,0.94
,,9,0.47,0.62,0.25,0,0.81,0.93
,,10,0.39,0.62,0.42,0,0.87,0.93
,,11,0.51,0.59,0.17,0,0.8,0.94
,,12,0.5,0.6,0.43,0,0.81,0.94
,,13,0.14,0.77,0.14,0,0.97,0.89
,,14,0.4,0.7,0.4,0,0.88,0.93
,,15,0.47,0.67,0.43,0,0.8,0.91
,,16,0.57,0.62,0.33,0,0.78,0.93
,,17,0.65,0.57,0,0,0.65,0.92
,,18,0.23,0.73,0.5,0.01,0.93,0.91
,,19,0.75,0.57,0,0,0.65,0.91
,,20,0.51,0.62,0,0,0.76,0.92
,,21,0.27,0.68,0.5,0.01,0.91,0.91
,,22,0.54,0.62,0,0,0.76,0.88
,,Mean,0.41,0.66,0.3,0,0.84,0.92
,,Stdev,0.15,0.06,0.19,0,0.09,0.02
,CAGT,1,N/A,N/A,N/A,N/A,0.69,1
,,2,N/A,N/A,N/A,N/A,0.87,1
,,3,N/A,N/A,N/A,N/A,0.84,1
,,4,N/A,N/A,N/A,N/A,0.95,1
,,5,N/A,N/A,N/A,N/A,0.84,1
,,6,N/A,N/A,N/A,N/A,0.81,1
,,7,N/A,N/A,N/A,N/A,0.82,1
,,8,N/A,N/A,N/A,N/A,0.83,1
,,9,N/A,N/A,N/A,N/A,0.71,1
,,10,N/A,N/A,N/A,N/A,0.8,1
,,11,N/A,N/A,N/A,N/A,0.65,1
,,12,N/A,N/A,N/A,N/A,0.71,1
,,13,N/A,N/A,N/A,N/A,0.93,1
,,14,N/A,N/A,N/A,N/A,0.8,1
,,15,N/A,N/A,N/A,N/A,0.69,1
,,16,N/A,N/A,N/A,N/A,0.61,1
,,17,N/A,N/A,N/A,N/A,0.41,1
,,18,N/A,N/A,N/A,N/A,0.87,1
,,19,N/A,N/A,N/A,N/A,0.35,1
,,20,N/A,N/A,N/A,N/A,0.6,1
,,21,N/A,N/A,N/A,N/A,0.84,1
,,22,N/A,N/A,N/A,N/A,0.61,1
,,Mean,N/A,N/A,N/A,N/A,0.74,1
,,Stdev,N/A,N/A,N/A,N/A,0.15,0
,Magnitude,1,N/A,N/A,N/A,N/A,0.73,1
,,2,N/A,N/A,N/A,N/A,0.88,1
,,3,N/A,N/A,N/A,N/A,0.84,1
,,4,N/A,N/A,N/A,N/A,0.95,1
,,5,N/A,N/A,N/A,N/A,0.84,1
,,6,N/A,N/A,N/A,N/A,0.83,1
,,7,N/A,N/A,N/A,N/A,0.83,1
,,8,N/A,N/A,N/A,N/A,0.84,1
,,9,N/A,N/A,N/A,N/A,0.77,1
,,10,N/A,N/A,N/A,N/A,0.8,1
,,11,N/A,N/A,N/A,N/A,0.77,1
,,12,N/A,N/A,N/A,N/A,0.75,1
,,13,N/A,N/A,N/A,N/A,0.93,1
,,14,N/A,N/A,N/A,N/A,0.8,1
,,15,N/A,N/A,N/A,N/A,0.72,1
,,16,N/A,N/A,N/A,N/A,0.72,1
,,17,N/A,N/A,N/A,N/A,0.59,1
,,18,N/A,N/A,N/A,N/A,0.87,1
,,19,N/A,N/A,N/A,N/A,0.6,1
,,20,N/A,N/A,N/A,N/A,0.7,1
,,21,N/A,N/A,N/A,N/A,0.83,1
,,22,N/A,N/A,N/A,N/A,0.67,1
,,Mean,N/A,N/A,N/A,N/A,0.78,1
,,Stdev,N/A,N/A,N/A,N/A,0.09,0
,SOM-VN (RPKM > 5),1,0.51,0.72,0.25,0,0.86,0.94
,,2,0.4,0.77,0.36,0,0.94,0.94
,,3,0.42,0.78,0.6,0,0.93,0.95
,,4,0.24,0.75,0.25,0,0.96,0.93
,,5,0.39,0.75,0.25,0,0.92,0.95
,,6,0.46,0.75,0.5,0,0.92,0.95
,,7,0.47,0.76,0.25,0,0.92,0.95
,,8,0.44,0.78,0.43,0,0.93,0.95
,,9,0.54,0.75,0.25,0,0.88,0.95
,,10,0.47,0.75,0.58,0.01,0.9,0.95
,,11,0.56,0.7,0.17,0,0.87,0.95
,,12,0.53,0.71,0.33,0,0.87,0.95
,,13,0.28,0.77,0.25,0,0.95,0.92
,,14,0.49,0.78,0.4,0,0.91,0.95
,,15,0.56,0.75,0.29,0,0.84,0.94
,,16,0.64,0.72,0.2,0,0.83,0.95
,,17,0.63,0.66,0.2,0,0.73,0.92
,,18,0.34,0.73,0.5,0.01,0.93,0.94
,,19,0.7,0.63,0.5,0,0.73,0.9
,,20,0.59,0.72,0,0,0.82,0.94
,,21,0.44,0.74,0,0,0.91,0.95
,,22,0.58,0.7,0,0,0.81,0.91
,,Mean,0.49,0.74,0.3,0,0.88,0.94
,,Stdev,0.11,0.04,0.18,0,0.06,0.01
,,Difference,0.07,0.08,0,0,0.03,0.02
HeLa (H),SOM-VN,1,0.33,0.73,0.29,0.03,0.79,0.74
,,2,0.24,0.75,0.38,0.04,0.89,0.77
,,3,0.23,0.71,0.47,0.06,0.87,0.76
,,4,0.14,0.74,0.47,0.07,0.96,0.82
,,5,0.23,0.71,0.44,0.04,0.88,0.81
,,6,0.27,0.75,0.42,0.04,0.86,0.76
,,7,0.26,0.72,0.35,0.05,0.86,0.74
,,8,0.25,0.71,0.39,0.04,0.86,0.77
,,9,0.32,0.73,0.34,0.04,0.8,0.77
,,10,0.29,0.71,0.39,0.05,0.81,0.76
,,11,0.34,0.74,0.31,0.03,0.79,0.73
,,12,0.32,0.75,0.37,0.03,0.79,0.74
,,13,0.17,0.66,0.43,0.07,0.95,0.85
,,14,0.29,0.72,0.32,0.04,0.85,0.77
,,15,0.37,0.73,0.34,0.04,0.75,0.77
,,16,0.47,0.76,0.24,0.03,0.76,0.78
,,17,0.5,0.74,0.18,0.02,0.61,0.72
,,18,0.21,0.73,0.46,0.05,0.88,0.78
,,19,0.59,0.7,0.16,0.02,0.54,0.62
,,20,0.41,0.73,0.19,0.02,0.72,0.76
,,21,0.29,0.74,0.45,0.06,0.87,0.82
,,22,0.46,0.74,0.39,0.06,0.77,0.77
,,Mean,0.32,0.73,0.35,0.04,0.81,0.76
,,Stdev,0.11,0.02,0.09,0.01,0.1,0.04
,CAGT,1,0.26,0.12,N/A,N/A,0.61,0.94
,,2,0.15,0.12,N/A,N/A,0.75,0.93
,,3,0.18,0.13,N/A,N/A,0.71,0.94
,,4,0.08,0.1,N/A,N/A,0.85,0.94
,,5,0.16,0.09,N/A,N/A,0.7,0.95
,,6,0.17,0.1,N/A,N/A,0.71,0.94
,,7,0.19,0.1,N/A,N/A,0.71,0.94
,,8,0.2,0.12,N/A,N/A,0.7,0.94
,,9,0.26,0.14,N/A,N/A,0.64,0.93
,,10,0.23,0.11,N/A,N/A,0.65,0.95
,,11,0.29,0.14,N/A,N/A,0.62,0.94
,,12,0.23,0.12,N/A,N/A,0.63,0.94
,,13,0.1,0.08,N/A,N/A,0.83,0.95
,,14,0.21,0.09,N/A,N/A,0.67,0.95
,,15,0.27,0.12,N/A,N/A,0.53,0.93
,,16,0.35,0.12,N/A,N/A,0.53,0.94
,,17,0.47,0.13,N/A,N/A,0.44,0.94
,,18,0.15,0.12,N/A,N/A,0.73,0.94
,,19,0.61,0.13,N/A,N/A,0.42,0.95
,,20,0.38,0.12,N/A,N/A,0.54,0.96
,,21,0.24,0.14,N/A,N/A,0.68,0.95
,,22,0.45,0.18,N/A,N/A,0.6,0.94
,,Mean,0.25,0.12,N/A,N/A,0.65,0.94
,,Stdev,0.13,0.02,N/A,N/A,0.11,0.01
,Magnitude,1,0,0,N/A,N/A,0.72,1
,,2,0,0,N/A,N/A,0.82,1
,,3,0,0,N/A,N/A,0.81,1
,,4,0,0,N/A,N/A,0.88,1
,,5,0,0,N/A,N/A,0.8,1
,,6,0,0,N/A,N/A,0.8,1
,,7,0,0,N/A,N/A,0.8,1
,,8,0,0,N/A,N/A,0.8,1
,,9,0,0,N/A,N/A,0.77,1
,,10,0,0,N/A,N/A,0.77,1
,,11,0,0,N/A,N/A,0.77,1
,,12,0,0,N/A,N/A,0.75,1
,,13,0,0,N/A,N/A,0.86,1
,,14,0,0,N/A,N/A,0.77,1
,,15,0,0,N/A,N/A,0.69,1
,,16,0,0,N/A,N/A,0.71,1
,,17,0,0,N/A,N/A,0.6,1
,,18,0,0,N/A,N/A,0.81,1
,,19,0,0,N/A,N/A,0.62,1
,,20,0,0,N/A,N/A,0.69,1
,,21,0,0,N/A,N/A,0.76,1
,,22,0,0,N/A,N/A,0.64,1
,,Mean,0,0,N/A,N/A,0.76,1
,,Stdev,0,0,N/A,N/A,0.07,0
,SOM-VN (RPKM > 5),1,0.3,0.79,0.29,0.04,0.86,0.72
,,2,0.22,0.8,0.35,0.04,0.94,0.76
,,3,0.21,0.77,0.44,0.06,0.91,0.75
,,4,0.13,0.8,0.44,0.08,0.98,0.82
,,5,0.21,0.76,0.43,0.05,0.92,0.79
,,6,0.25,0.8,0.41,0.05,0.92,0.75
,,7,0.24,0.78,0.3,0.05,0.91,0.74
,,8,0.24,0.78,0.34,0.05,0.91,0.76
,,9,0.31,0.77,0.31,0.04,0.87,0.76
,,10,0.26,0.77,0.37,0.05,0.89,0.76
,,11,0.3,0.8,0.29,0.04,0.85,0.72
,,12,0.29,0.8,0.29,0.03,0.86,0.72
,,13,0.16,0.73,0.37,0.07,0.97,0.84
,,14,0.27,0.79,0.34,0.05,0.9,0.76
,,15,0.34,0.76,0.27,0.04,0.83,0.75
,,16,0.43,0.81,0.23,0.04,0.83,0.77
,,17,0.43,0.79,0.21,0.02,0.71,0.7
,,18,0.19,0.76,0.47,0.06,0.93,0.78
,,19,0.52,0.73,0.23,0.03,0.64,0.62
,,20,0.38,0.79,0.2,0.03,0.81,0.74
,,21,0.28,0.77,0.47,0.07,0.91,0.81
,,22,0.38,0.78,0.29,0.05,0.85,0.74
,,Mean,0.29,0.78,0.33,0.05,0.87,0.75
,,Average,0.1,0.02,0.08,0.02,0.08,0.05
,,Difference,-0.03,0.05,-0.02,0,0.06,-0.01
Stomach (L),SOM-VN,1,0.68,0.23,0.47,0.11,0.77,0.98
,,2,0.56,0.23,0.39,0.11,0.84,0.97
,,3,0.61,0.26,0.32,0.12,0.87,0.97
,,4,0.49,0.28,0.24,0.13,0.92,0.97
,,5,0.57,0.23,0.31,0.11,0.87,0.97
,,6,0.6,0.26,0.34,0.12,0.86,0.97
,,7,0.55,0.2,0.36,0.12,0.85,0.97
,,8,0.54,0.19,0.35,0.12,0.86,0.97
,,9,0.54,0.21,0.45,0.12,0.79,0.97
,,10,0.55,0.2,0.46,0.11,0.78,0.97
,,11,0.68,0.22,0.5,0.1,0.78,0.98
,,12,0.64,0.21,0.36,0.1,0.83,0.98
,,13,0.51,0.27,0.26,0.12,0.91,0.97
,,14,0.59,0.25,0.38,0.1,0.82,0.97
,,15,0.61,0.24,0.48,0.11,0.74,0.97
,,16,0.71,0.22,0.53,0.1,0.7,0.98
,,17,0.79,0.15,0.55,0.08,0.51,0.98
,,18,0.48,0.25,0.36,0.13,0.88,0.97
,,19,0.82,0.11,0.28,0.06,0.39,0.96
,,20,0.62,0.19,0.49,0.08,0.66,0.97
,,21,0.52,0.22,0.43,0.13,0.83,0.97
,,22,0.6,0.17,0.61,0.09,0.4,0.97
,,Mean,0.6,0.22,0.41,0.11,0.77,0.97
,,Stdev,0.09,0.04,0.1,0.02,0.15,0
,CAGT,1,N/A,N/A,N/A,N/A,0.64,1
,,2,N/A,N/A,N/A,N/A,0.8,1
,,3,N/A,N/A,N/A,N/A,0.84,1
,,4,N/A,N/A,N/A,N/A,0.9,1
,,5,N/A,N/A,N/A,N/A,0.84,1
,,6,N/A,N/A,N/A,N/A,0.82,1
,,7,N/A,N/A,N/A,N/A,0.81,1
,,8,N/A,N/A,N/A,N/A,0.83,1
,,9,N/A,N/A,N/A,N/A,0.74,1
,,10,N/A,N/A,N/A,N/A,0.73,1
,,11,N/A,N/A,N/A,N/A,0.62,1
,,12,N/A,N/A,N/A,N/A,0.73,1
,,13,N/A,N/A,N/A,N/A,0.88,1
,,14,N/A,N/A,N/A,N/A,0.78,1
,,15,N/A,N/A,N/A,N/A,0.68,1
,,16,N/A,N/A,N/A,N/A,0.53,1
,,17,N/A,N/A,N/A,N/A,0.36,1
,,18,N/A,N/A,N/A,N/A,0.85,1
,,19,N/A,N/A,N/A,N/A,0.26,1
,,20,N/A,N/A,N/A,N/A,0.54,1
,,21,N/A,N/A,N/A,N/A,0.81,1
,,22,N/A,N/A,N/A,N/A,0.27,1
,,Mean,N/A,N/A,N/A,N/A,0.69,1
,,Stdev,N/A,N/A,N/A,N/A,0.19,0
,Magnitude,1,0,0,0,0,0.73,1
,,2,0,0,0,0,0.81,1
,,3,0,0,0,0,0.84,1
,,4,0,0,0,0,0.91,1
,,5,0,0,0,0,0.85,1
,,6,0,0,0,0,0.83,1
,,7,0,0,0,0,0.82,1
,,8,0,0,0,0,0.84,1
,,9,0,0,0,0,0.76,1
,,10,0,0,0,0,0.74,1
,,11,0,0,0,0,0.75,1
,,12,0,0,0,0,0.8,1
,,13,0,0,0,0,0.88,1
,,14,0,0,0,0,0.78,1
,,15,0,0,0,0,0.7,1
,,16,0,0,0,0,0.67,1
,,17,0,0,0,0,0.52,1
,,18,0,0,1,0,0.86,1
,,19,0,0,0,0,0.48,1
,,20,0,0,0,0,0.62,1
,,21,0,0,0,0,0.8,1
,,22,0,0,0,0,0.38,1
,,Mean,0,0,0.05,0,0.74,1
,,Stdev,0,0,0.21,0,0.14,0
,SOM-VN (RPKM > 5),1,0.77,0.21,0.45,0.1,0.76,0.98
,,2,0.66,0.19,0.39,0.11,0.83,0.98
,,3,0.75,0.22,0.35,0.13,0.86,0.98
,,4,0.64,0.23,0.27,0.13,0.91,0.98
,,5,0.67,0.2,0.37,0.12,0.87,0.98
,,6,0.73,0.22,0.37,0.13,0.85,0.98
,,7,0.66,0.18,0.36,0.12,0.85,0.98
,,8,0.64,0.17,0.38,0.12,0.86,0.98
,,9,0.64,0.18,0.43,0.12,0.79,0.98
,,10,0.67,0.18,0.47,0.11,0.77,0.98
,,11,0.77,0.2,0.47,0.09,0.77,0.99
,,12,0.78,0.2,0.37,0.1,0.83,0.98
,,13,0.64,0.22,0.31,0.13,0.89,0.98
,,14,0.68,0.22,0.4,0.11,0.81,0.98
,,15,0.77,0.21,0.49,0.11,0.73,0.98
,,16,0.82,0.21,0.45,0.09,0.7,0.99
,,17,0.91,0.15,0.44,0.07,0.52,0.99
,,18,0.6,0.18,0.36,0.13,0.86,0.98
,,19,0.87,0.12,0.22,0.04,0.4,0.97
,,20,0.74,0.17,0.52,0.08,0.66,0.98
,,21,0.68,0.17,0.37,0.12,0.82,0.98
,,22,0.73,0.16,0.53,0.07,0.4,0.99
,,Mean,0.72,0.19,0.4,0.11,0.76,0.98
,,Stdev,0.08,0.03,0.08,0.02,0.15,0
,,Difference,0.12,-0.03,-0.01,0,-0.01,0.01
Stomach (H),SOM-VN,1,0.63,0.33,0.42,0.87,0.94,0.66
,,2,0.59,0.33,0.36,0.9,0.96,0.61
,,3,0.6,0.34,0.29,0.9,0.96,0.6
,,4,0.5,0.32,0.21,0.9,0.98,0.6
,,5,0.58,0.31,0.31,0.9,0.97,0.63
,,6,0.62,0.3,0.32,0.9,0.97,0.64
,,7,0.58,0.29,0.32,0.89,0.95,0.63
,,8,0.55,0.3,0.32,0.89,0.96,0.63
,,9,0.61,0.33,0.42,0.9,0.96,0.65
,,10,0.61,0.29,0.45,0.9,0.93,0.63
,,11,0.68,0.31,0.44,0.88,0.94,0.72
,,12,0.68,0.4,0.35,0.87,0.95,0.66
,,13,0.49,0.35,0.23,0.91,0.98,0.45
,,14,0.61,0.33,0.38,0.89,0.96,0.68
,,15,0.61,0.3,0.44,0.89,0.92,0.61
,,16,0.74,0.38,0.52,0.86,0.91,0.75
,,17,0.75,0.24,0.49,0.82,0.74,0.63
,,18,0.54,0.27,0.3,0.92,0.97,0.58
,,19,0.71,0.14,0.35,0.76,0.52,0.4
,,20,0.65,0.31,0.5,0.88,0.89,0.62
,,21,0.5,0.28,0.35,0.89,0.97,0.56
,,22,0.69,0.31,0.62,0.87,0.77,0.65
,,Mean,0.61,0.31,0.38,0.88,0.91,0.62
,,Stdev,0.07,0.05,0.1,0.03,0.11,0.07
,CAGT,1,0.26,0.18,0.33,0.77,0.69,0.18
,,2,0.18,0.14,0.27,0.76,0.74,0.19
,,3,0.19,0.16,0.23,0.76,0.8,0.19
,,4,0.14,0.16,0.15,0.72,0.84,0.19
,,5,0.15,0.13,0.24,0.77,0.8,0.19
,,6,0.16,0.12,0.24,0.76,0.76,0.18
,,7,0.18,0.14,0.23,0.74,0.75,0.18
,,8,0.17,0.16,0.25,0.77,0.79,0.2
,,9,0.19,0.13,0.32,0.77,0.71,0.2
,,10,0.17,0.13,0.35,0.74,0.63,0.2
,,11,0.23,0.14,0.35,0.76,0.58,0.16
,,12,0.18,0.14,0.26,0.74,0.68,0.18
,,13,0.13,0.15,0.17,0.74,0.86,0.21
,,14,0.24,0.16,0.29,0.74,0.68,0.2
,,15,0.18,0.13,0.35,0.73,0.6,0.17
,,16,0.27,0.16,0.41,0.73,0.47,0.17
,,17,0.39,0.17,0.44,0.75,0.28,0.12
,,18,0.11,0.11,0.23,0.74,0.81,0.2
,,19,0.52,0.16,0.37,0.76,0.17,0.09
,,20,0.24,0.14,0.41,0.76,0.57,0.18
,,21,0.14,0.1,0.25,0.73,0.79,0.2
,,22,0.36,0.18,0.53,0.76,0.21,0.1
,,Mean,0.22,0.14,0.3,0.75,0.65,0.18
,,Stdev,0.1,0.02,0.09,0.02,0.2,0.03
,Magnitude,1,1,0,N/A,N/A,0.69,1
,,2,0,0,N/A,N/A,0.75,1
,,3,0,0,N/A,N/A,0.79,1
,,4,0,0,N/A,N/A,0.86,1
,,5,0,0,N/A,N/A,0.8,1
,,6,0,0,N/A,N/A,0.77,1
,,7,0,0,N/A,N/A,0.77,1
,,8,0,0,N/A,N/A,0.79,1
,,9,0,0,N/A,N/A,0.73,1
,,10,0,0,N/A,N/A,0.68,1
,,11,0,0,N/A,N/A,0.71,1
,,12,0,0,N/A,N/A,0.75,1
,,13,1,0,N/A,N/A,0.83,1
,,14,0,0,N/A,N/A,0.74,1
,,15,1,0,N/A,N/A,0.64,1
,,16,0,0,N/A,N/A,0.64,1
,,17,0,0,N/A,N/A,0.49,1
,,18,0,0,N/A,N/A,0.8,1
,,19,0,0,N/A,N/A,0.48,1
,,20,0,0,N/A,N/A,0.57,1
,,21,0,0,N/A,N/A,0.75,1
,,22,0,0,N/A,N/A,0.37,1
,,Mean,0.14,0,N/A,N/A,0.7,1
,,Stdev,0.35,0,N/A,N/A,0.12,0
,SOM-VN (RPKM > 5),1,0.63,0.4,0.36,0.86,0.95,0.6
,,2,0.58,0.4,0.28,0.9,0.98,0.55
,,3,0.57,0.42,0.24,0.89,0.98,0.56
,,4,0.5,0.36,0.15,0.9,0.99,0.57
,,5,0.58,0.4,0.23,0.9,0.98,0.58
,,6,0.6,0.37,0.26,0.9,0.98,0.59
,,7,0.58,0.38,0.25,0.89,0.98,0.58
,,8,0.55,0.39,0.25,0.89,0.98,0.59
,,9,0.63,0.41,0.36,0.91,0.97,0.59
,,10,0.62,0.38,0.37,0.9,0.96,0.56
,,11,0.66,0.38,0.41,0.88,0.96,0.67
,,12,0.65,0.47,0.29,0.86,0.97,0.61
,,13,0.51,0.38,0.15,0.9,0.99,0.42
,,14,0.61,0.4,0.32,0.89,0.98,0.63
,,15,0.59,0.37,0.38,0.89,0.95,0.54
,,16,0.73,0.45,0.47,0.86,0.94,0.68
,,17,0.72,0.29,0.51,0.83,0.77,0.56
,,18,0.53,0.34,0.23,0.91,0.98,0.53
,,19,0.66,0.15,0.4,0.78,0.55,0.35
,,20,0.65,0.38,0.44,0.88,0.92,0.54
,,21,0.56,0.35,0.27,0.9,0.98,0.51
,,22,0.7,0.39,0.62,0.88,0.81,0.53
,,Mean,0.61,0.38,0.33,0.88,0.93,0.56
,,Stdev,0.06,0.06,0.12,0.03,0.1,0.07
,,Difference,-0.08,0.06,-0.29,0.01,0.16,-0.08