pathwayName,pathwayId,pathwaySource,Pval,Num_In_Path,Total_In_Path,Pval_FDR,Pval_Holm,analytes,,,,,
Histidine metabolism,map00340,kegg,0.997840228,3,35,1,1,Glutamate; L-Glutamic acid;Histamine;1-Methylhistamine,,,,,
beta-Alanine metabolism,map00410,kegg,0.99863036,2,29,1,1,Glutamate; L-Glutamic acid;Uracil,,,,,
"Glycine, serine and threonine metabolism",map00260,kegg,0.999869236,5,56,1,1,Glycine;Guanidoacetic acid;Glyceric acid;Glutamate; L-Glutamic acid;L-Methionine; Methionine,,,,,
Methionine Metabolism,map00270,kegg,0.999982406,3,51,1,1,Glycine;Glutamate; L-Glutamic acid;L-Methionine; Methionine,,,,,
Propanoate metabolism,map00640,kegg,0.996593727,3,34,1,1,2-Hydroxybutyric acid; FA 4:0;O;Glutamate; L-Glutamic acid;L-Valine; valine,,,,,
"Valine, leucine and isoleucine degradation",map00280,kegg,0.999851924,3,51,1,1,Glutamate; L-Glutamic acid;2S-Amino-3S-methylpentanoic acid; Isoleucine; L-Isoleucine;L-Valine; valine,,,,,
Starch and sucrose metabolism,map00500,kegg,0.999999993,2,53,1,1,SPBP 18:1;O2; Sphingosine 1-phosphate;Cer(d18:1/24:1(15Z)); Ceramide; Cer[NS],,,,,
Arginine and proline metabolism,map00330,kegg,0.99999879,4,50,1,1,Glycine;Guanidoacetic acid;Glutamate; L-Glutamic acid;Phosphocreatine,,,,,
Phenylalanine and Tyrosine Metabolism,map00360,kegg,0.994229527,2,28,1,1,Glutamate; L-Glutamic acid;L-Phenylalanine; Phenylalanine,,,,,
Tryptophan metabolism,map00380,kegg,0.999894668,2,54,1,1,Glutamate; L-Glutamic acid;L-Tryptophan; Tryptophan,,,,,
"Alanine, aspartate and glutamate metabolism",map00250,kegg,0.999832405,5,60,1,1,4-Aminobutanoic acid; GABA; gamma-Aminobutyric acid;Glycine;Glutathione;Glutamate; L-Glutamic acid;L-Asparagine,,,,,
Nitrogen metabolism,map00910,kegg,0.926719314,3,25,1,1,Glycine;Glutamate; L-Glutamic acid;L-Asparagine,,,,,
Pyruvate metabolism,map00620,kegg,0.999821134,2,38,1,1,Glutathione;Malate; Malic acid,,,,,
Purine metabolism,map00230,kegg,1,5,68,1,1,Glycine;Glutamate; L-Glutamic acid;Uric acid;Xanthine;Xanthosine,,,,,
Primary bile acid biosynthesis,map00120,kegg,0.968311916,4,60,1,1,"Glycine;Taurine;Glycoursodeoxycholate; Glycoursodeoxycholic acid;CE(20:4(5Z,8Z,11Z,14Z))",,,,,
Nicotinate and nicotinamide metabolism,map00760,kegg,0.994229527,2,29,1,1,Glutamate; L-Glutamic acid;Niacinamide,,,,,
Glutathione metabolism,map00480,kegg,0.999989915,3,18,1,1,Glycine;Glutathione;Glutamate; L-Glutamic acid,,,,,
Phospholipid Biosynthesis,map00564,kegg,0.999999998,2,25,1,1,"DAG; DG(16:0/16:0/0:0); DG(16:0_16:0);DG(16:0/18:0/0:0); DG(16:0_16:0);LPC(14:1); LysoPC(16:1(9Z)/0:0);LPC(14:1); LysoPC(20:5(5Z,8Z,11Z,14Z,17Z)/0:0);LPC(14:1); LysoPC(24:0/0:0)",,,,,
Arachidonic Acid Metabolism,map00590,kegg,0.999898255,5,64,1,1,"Glutathione;Glutamate; L-Glutamic acid;all-cis-5,8,11,14-Eicosatetraenoic acid; Arachidonic acid;LPC(14:0); LysoPC(14:0/0:0);5-HETE",,,,,
Glycerolipid Metabolism,map00561,kegg,0.999808802,3,18,1,1,"Glyceric acid;1,2,3-trihexadecanoyl-glycerol; TG(16:0/16:0/16:0);DAG; DG(16:0/16:0/0:0); DG(16:0_16:0);DG(16:0/18:0/0:0); DG(16:0_16:0)",,,,,
Lysine degradation,map00310,kegg,0.999988339,2,25,1,1,Glutamate; L-Glutamic acid;L-Lysine; Lysine,,,,,
alpha-Linolenic acid metabolism,map00592,kegg,0.99776868,2,18,1,1,"all-cis-5,8,11,14-Eicosatetraenoic acid; Arachidonic acid;C20:5n-3,6,9,12,15; Eicosapentaenoic acid; EPA",,,,,
Metabolism of fat-soluble vitamins,R-HSA-6806667,reactome,0.9981956,4,46,1,1,"9-cis-Retinoic acid; Alitretinoin;TG(16:0/16:0/16:1(9Z));TG(16:0/16:0/18:1(9Z));TG(16:0/16:0/18:2(9Z,12Z));TG(16:0/18:0/18:1(9Z));TG(18:0/18:0/18:1(9Z));TG(18:0/18:1(9Z)/18:1(9Z));CE(20:4(5Z,8Z,11Z,14Z));DAG; DG(16:0/16:0/0:0); DG(16:0_16:0);DG(16:0/18:0/0:0); DG(16:0_16:0)",,,,,
Arachidonic acid metabolism,R-HSA-2142753,reactome,0.999726982,5,110,1,1,"Glycine;Glutathione;Glutamate; L-Glutamic acid;all-cis-5,8,11,14-Eicosatetraenoic acid; Arachidonic acid;5-HETE",,,,,
G alpha (i) signalling events,R-HSA-418594,reactome,0.942772919,8,109,1,1,"4-Aminobutanoic acid; GABA; gamma-Aminobutyric acid;Glutamate; L-Glutamic acid;SPBP 18:1;O2; Sphingosine 1-phosphate;3-Hydroxybutyric acid; B-OH-butyrate; FA 4:0;O;Histamine;L-Tryptophan; Tryptophan;all-cis-5,8,11,14-Eicosatetraenoic acid; Arachidonic acid;DAG; DG(16:0/16:0/0:0); DG(16:0_16:0);DG(16:0/18:0/0:0); DG(16:0_16:0)",,,,,
Class C/3 (Metabotropic glutamate/pheromone receptors),R-HSA-420499,reactome,0.987846972,4,57,1,1,4-Aminobutanoic acid; GABA; gamma-Aminobutyric acid;Glutamate; L-Glutamic acid;L-Lysine; Lysine;L-Tryptophan; Tryptophan,,,,,
Sensory perception of taste,R-HSA-9717189,reactome,0.999821134,2,98,1,1,Glutamate; L-Glutamic acid;L-Tryptophan; Tryptophan,,,,,
"Sensory perception of sweet, bitter, and umami (glutamate) taste",R-HSA-9717207,reactome,0.999351633,2,94,1,1,Glutamate; L-Glutamic acid;L-Tryptophan; Tryptophan,,,,,
"Transport of bile salts and organic acids, metal ions and amine compounds",R-HSA-425366,reactome,0.999628469,15,78,1,1,4-Aminobutanoic acid; GABA; gamma-Aminobutyric acid;Glycine;L-Phenylalanine; Phenylalanine;L-Asparagine;2S-Amino-3S-methylpentanoic acid; Isoleucine; L-Isoleucine;L-Lysine; Lysine;Taurine;Uric acid;3-Hydroxybutyric acid; B-OH-butyrate; FA 4:0;O;L-Methionine; Methionine;4-Hydroxyproline; hydroxy-proline;Histamine;L-Valine; valine;L-Tryptophan; Tryptophan;Dehydroepiandrosterone sulfate; DHEA-SO4; ST 19:1;O2;S,,,,,
Organic cation/anion/zwitterion transport,R-HSA-549132,reactome,0.912308976,3,34,1,1,Uric acid;Histamine;Dehydroepiandrosterone sulfate; DHEA-SO4; ST 19:1;O2;S,,,,,
Organic anion transport,R-HSA-561048,reactome,0.651110258,2,8,1,1,Uric acid;Dehydroepiandrosterone sulfate; DHEA-SO4; ST 19:1;O2;S,,,,,
Nicotinate metabolism,R-HSA-196807,reactome,0.997161119,2,58,1,1,Glutamate; L-Glutamic acid;Niacinamide,,,,,
Metabolism of water-soluble vitamins and cofactors,R-HSA-196849,reactome,1,7,133,1,1,Glycine;Glutathione;Glutamate; L-Glutamic acid;L-Lysine; Lysine;L-Methionine; Methionine;Niacinamide;Oxalic acid,,,,,
Synthesis of Prostaglandins (PG) and Thromboxanes (TX),R-HSA-2162123,reactome,0.957337338,2,51,1,1,"Glutathione;all-cis-5,8,11,14-Eicosatetraenoic acid; Arachidonic acid",,,,,
Cellular responses to stress,R-HSA-2262752,reactome,1,7,90,1,1,"Cortisol; ST 21:3;O5;Glutathione;all-cis-5,8,11,14-Eicosatetraenoic acid; Arachidonic acid;Niacinamide;C20:5n-3,6,9,12,15; Eicosapentaenoic acid; EPA;TG(16:0/16:0/16:1(9Z));TG(16:0/16:0/18:1(9Z));TG(16:0/16:0/18:2(9Z,12Z));TG(16:0/18:0/18:1(9Z));TG(18:0/18:0/18:1(9Z));TG(18:0/18:1(9Z)/18:1(9Z));CE(20:4(5Z,8Z,11Z,14Z))",,,,,
DNA Repair,R-HSA-73894,reactome,1,2,64,1,1,Uracil;Niacinamide,,,,,
Cellular responses to stimuli,R-HSA-8953897,reactome,1,7,92,1,1,"Cortisol; ST 21:3;O5;Glutathione;all-cis-5,8,11,14-Eicosatetraenoic acid; Arachidonic acid;Niacinamide;C20:5n-3,6,9,12,15; Eicosapentaenoic acid; EPA;TG(16:0/16:0/16:1(9Z));TG(16:0/16:0/18:1(9Z));TG(16:0/16:0/18:2(9Z,12Z));TG(16:0/18:0/18:1(9Z));TG(18:0/18:0/18:1(9Z));TG(18:0/18:1(9Z)/18:1(9Z));CE(20:4(5Z,8Z,11Z,14Z))",,,,,
Glycerophospholipid biosynthesis,R-HSA-1483206,reactome,1,2,102,1,1,"Glycerol 3-phosphate;TG(16:0/16:0/16:1(9Z));TG(16:0/16:0/18:1(9Z));TG(16:0/16:0/18:2(9Z,12Z));TG(16:0/18:0/18:1(9Z));TG(18:0/18:0/18:1(9Z));TG(18:0/18:1(9Z)/18:1(9Z))",,,,,
Phospholipid metabolism,R-HSA-1483257,reactome,1,2,112,1,1,"Glycerol 3-phosphate;TG(16:0/16:0/16:1(9Z));TG(16:0/16:0/18:1(9Z));TG(16:0/16:0/18:2(9Z,12Z));TG(16:0/18:0/18:1(9Z));TG(18:0/18:0/18:1(9Z));TG(18:0/18:1(9Z)/18:1(9Z))",,,,,
Peptide hormone metabolism,R-HSA-2980736,reactome,1,3,56,1,1,"L-Lysine; Lysine;C8:0; Caprylic acid; octanoic acid;C20:5n-3,6,9,12,15; Eicosapentaenoic acid; EPA",,,,,
Hemostasis,R-HSA-109582,reactome,0.926911065,3,83,1,1,"all-cis-5,8,11,14-Eicosatetraenoic acid; Arachidonic acid;TG(16:0/16:0/16:1(9Z));TG(16:0/16:0/18:1(9Z));TG(16:0/16:0/18:2(9Z,12Z));TG(16:0/18:0/18:1(9Z));TG(18:0/18:0/18:1(9Z));TG(18:0/18:1(9Z)/18:1(9Z));CE(20:4(5Z,8Z,11Z,14Z))",,,,,
Neurotransmitter receptors and postsynaptic signal transmission,R-HSA-112314,reactome,1,3,25,1,1,4-Aminobutanoic acid; GABA; gamma-Aminobutyric acid;Glycine;Glutamate; L-Glutamic acid,,,,,
Transmission across Chemical Synapses,R-HSA-112315,reactome,0.999999836,4,78,1,1,"4-Aminobutanoic acid; GABA; gamma-Aminobutyric acid;Glycine;Glutamate; L-Glutamic acid;all-cis-5,8,11,14-Eicosatetraenoic acid; Arachidonic acid",,,,,
Neuronal System,R-HSA-112316,reactome,1,4,78,1,1,"4-Aminobutanoic acid; GABA; gamma-Aminobutyric acid;Glycine;Glutamate; L-Glutamic acid;all-cis-5,8,11,14-Eicosatetraenoic acid; Arachidonic acid",,,,,
Adaptive Immune System,R-HSA-1280218,reactome,0.848796217,2,56,1,1,Cer(d18:1/24:1(15Z)); Ceramide; Cer[NS];DAG; DG(16:0/16:0/0:0); DG(16:0_16:0);DG(16:0/18:0/0:0); DG(16:0_16:0),,,,,
Binding and Uptake of Ligands by Scavenger Receptors,R-HSA-2173782,reactome,0.999821134,2,41,1,1,"TG(16:0/16:0/16:1(9Z));TG(16:0/16:0/18:1(9Z));TG(16:0/16:0/18:2(9Z,12Z));TG(16:0/18:0/18:1(9Z));TG(18:0/18:0/18:1(9Z));TG(18:0/18:1(9Z)/18:1(9Z));CE(20:4(5Z,8Z,11Z,14Z))",,,,,
Scavenging by Class B Receptors,R-HSA-3000471,reactome,0.589589731,2,16,1,1,"TG(16:0/16:0/16:1(9Z));TG(16:0/16:0/18:1(9Z));TG(16:0/16:0/18:2(9Z,12Z));TG(16:0/18:0/18:1(9Z));TG(18:0/18:0/18:1(9Z));TG(18:0/18:1(9Z)/18:1(9Z));CE(20:4(5Z,8Z,11Z,14Z))",,,,,
Scavenging by Class A Receptors,R-HSA-3000480,reactome,0.985607415,2,32,1,1,"TG(16:0/16:0/16:1(9Z));TG(16:0/16:0/18:1(9Z));TG(16:0/16:0/18:2(9Z,12Z));TG(16:0/18:0/18:1(9Z));TG(18:0/18:0/18:1(9Z));TG(18:0/18:1(9Z)/18:1(9Z));CE(20:4(5Z,8Z,11Z,14Z))",,,,,
Scavenging by Class H Receptors,R-HSA-3000497,reactome,0.520651836,2,11,1,1,"TG(16:0/16:0/16:1(9Z));TG(16:0/16:0/18:1(9Z));TG(16:0/16:0/18:2(9Z,12Z));TG(16:0/18:0/18:1(9Z));TG(18:0/18:0/18:1(9Z));TG(18:0/18:1(9Z)/18:1(9Z));CE(20:4(5Z,8Z,11Z,14Z))",,,,,
Vesicle-mediated transport,R-HSA-5653656,reactome,0.982020746,2,66,1,1,"TG(16:0/16:0/16:1(9Z));TG(16:0/16:0/18:1(9Z));TG(16:0/16:0/18:2(9Z,12Z));TG(16:0/18:0/18:1(9Z));TG(18:0/18:0/18:1(9Z));TG(18:0/18:1(9Z)/18:1(9Z));CE(20:4(5Z,8Z,11Z,14Z))",,,,,
Signaling by Receptor Tyrosine Kinases,R-HSA-9006934,reactome,0.999973103,3,64,1,1,4-Aminobutanoic acid; GABA; gamma-Aminobutyric acid;SPBP 18:1;O2; Sphingosine 1-phosphate;DAG; DG(16:0/16:0/0:0); DG(16:0_16:0);DG(16:0/18:0/0:0); DG(16:0_16:0),,,,,
Branched-chain amino acid catabolism,R-HSA-70895,reactome,0.96547796,3,38,1,1,Glutamate; L-Glutamic acid;2S-Amino-3S-methylpentanoic acid; Isoleucine; L-Isoleucine;L-Valine; valine,,,,,
Nucleotide catabolism,R-HSA-8956319,reactome,0.998286638,3,107,1,1,Uric acid;Xanthine;Uracil,,,,,
Metabolism of folate and pterines,R-HSA-196757,reactome,0.965486385,2,26,1,1,Glycine;Glutamate; L-Glutamic acid,,,,,
Glyoxylate metabolism and glycine degradation,R-HSA-389661,reactome,0.98518973,4,40,1,1,Glycine;L-Methionine; Methionine;4-Hydroxyproline; hydroxy-proline;Oxalic acid,,,,,
Cytochrome P450 - arranged by substrate type,R-HSA-211897,reactome,0.999996782,3,121,1,1,"Cortisol; ST 21:3;O5;all-cis-5,8,11,14-Eicosatetraenoic acid; Arachidonic acid;9-cis-Retinoic acid; Alitretinoin",,,,,
Metabolic disorders of biological oxidation enzymes,R-HSA-5579029,reactome,0.945780447,6,51,1,1,"Glycine;Glutathione;Glutamate; L-Glutamic acid;L-Methionine; Methionine;all-cis-5,8,11,14-Eicosatetraenoic acid; Arachidonic acid;9-cis-Retinoic acid; Alitretinoin",,,,,
Biosynthesis of specialized proresolving mediators (SPMs),R-HSA-9018678,reactome,0.832715222,4,116,1,1,"Glycine;Glutathione;Glutamate; L-Glutamic acid;C20:5n-3,6,9,12,15; Eicosapentaenoic acid; EPA",,,,,
Biosynthesis of EPA-derived SPMs,R-HSA-9018679,reactome,0.520651836,2,23,1,1,"Glutathione;C20:5n-3,6,9,12,15; Eicosapentaenoic acid; EPA",,,,,
Biosynthesis of E-series 18(S)-resolvins,R-HSA-9018896,reactome,0.444692488,2,20,1,1,"Glutathione;C20:5n-3,6,9,12,15; Eicosapentaenoic acid; EPA",,,,,
Selenoamino acid metabolism,R-HSA-2408522,reactome,1,5,68,1,1,Glycine;Glutathione;Histamine;1-Methylhistamine;Niacinamide,,,,,
Infection with Mycobacterium tuberculosis,R-HSA-9635486,reactome,0.995434544,2,57,1,1,Glutathione;Niacinamide,,,,,
Bacterial Infection Pathways,R-HSA-9824439,reactome,0.99999987,2,66,1,1,Glutathione;Niacinamide,,,,,
Innate Immune System,R-HSA-168249,reactome,0.994008053,5,128,1,1,"Glutathione;all-cis-5,8,11,14-Eicosatetraenoic acid; Arachidonic acid;TG(16:0/16:0/16:1(9Z));TG(16:0/16:0/18:1(9Z));TG(16:0/16:0/18:2(9Z,12Z));TG(16:0/18:0/18:1(9Z));TG(18:0/18:0/18:1(9Z));TG(18:0/18:1(9Z)/18:1(9Z));CE(20:4(5Z,8Z,11Z,14Z));DAG; DG(16:0/16:0/0:0); DG(16:0_16:0);DG(16:0/18:0/0:0); DG(16:0_16:0)",,,,,
Choline catabolism,R-HSA-6798163,reactome,0.827896813,2,16,1,1,Glycine;L-Methionine; Methionine,,,,,
Biosynthesis of DHA-derived SPMs,R-HSA-9018677,reactome,0.853159169,3,57,1,1,Glycine;Glutathione;Glutamate; L-Glutamic acid,,,,,
Biosynthesis of DHA-derived sulfido conjugates,R-HSA-9026395,reactome,0.216814446,3,22,1,1,Glycine;Glutathione;Glutamate; L-Glutamic acid,,,,,
Biosynthesis of maresin conjugates in tissue regeneration (MCTR),R-HSA-9026762,reactome,0.216814446,3,9,1,1,Glycine;Glutathione;Glutamate; L-Glutamic acid,,,,,
Synthesis of 5-eicosatetraenoic acids,R-HSA-2142688,reactome,0.635775967,3,15,1,1,"Glutathione;all-cis-5,8,11,14-Eicosatetraenoic acid; Arachidonic acid;5-HETE",,,,,
Phase II - Conjugation of compounds,R-HSA-156580,reactome,1,6,149,1,1,Glycine;Glutathione;Glutamate; L-Glutamic acid;L-Methionine; Methionine;Pregnenolone sulfate; PREGS;Dehydroepiandrosterone sulfate; DHEA-SO4; ST 19:1;O2;S,,,,,
Drug ADME,R-HSA-9748784,reactome,1,4,115,1,1,Glycine;Glutathione;Glutamate; L-Glutamic acid;3-Hydroxybutyric acid; B-OH-butyrate; FA 4:0;O,,,,,
Aspirin ADME,R-HSA-9749641,reactome,0.999919419,2,35,1,1,Glycine;3-Hydroxybutyric acid; B-OH-butyrate; FA 4:0;O,,,,,
Paracetamol ADME,R-HSA-9753281,reactome,0.987440141,3,31,1,1,Glycine;Glutathione;Glutamate; L-Glutamic acid,,,,,
Cytosolic sulfonation of small molecules,R-HSA-156584,reactome,0.992722894,2,47,1,1,Pregnenolone sulfate; PREGS;Dehydroepiandrosterone sulfate; DHEA-SO4; ST 19:1;O2;S,,,,,
Glutathione conjugation,R-HSA-156590,reactome,0.997284261,3,30,1,1,Glycine;Glutathione;Glutamate; L-Glutamic acid,,,,,
The citric acid (TCA) cycle and respiratory electron transport,R-HSA-1428517,reactome,1,4,60,1,1,Glutathione;L-Phenylalanine; Phenylalanine;Malate; Malic acid;9-cis-Retinoic acid; Alitretinoin,,,,,
Biosynthesis of protectin and resolvin conjugates in tissue regeneration (PCTR and RCTR),R-HSA-9026766,reactome,0.158045898,3,18,1,1,Glycine;Glutathione;Glutamate; L-Glutamic acid,,,,,
Tyrosine catabolism,R-HSA-8963684,reactome,0.70527381,2,14,1,1,Glutathione;Glutamate; L-Glutamic acid,,,,,
Phenylalanine and tyrosine metabolism,R-HSA-8963691,reactome,0.875846859,3,31,1,1,Glutathione;Glutamate; L-Glutamic acid;L-Phenylalanine; Phenylalanine,,,,,
SLC transporter disorders,R-HSA-5619102,reactome,0.999999661,11,81,1,1,Glycine;Glutamate; L-Glutamic acid;L-Phenylalanine; Phenylalanine;2S-Amino-3S-methylpentanoic acid; Isoleucine; L-Isoleucine;L-Lysine; Lysine;Uric acid;3-Hydroxybutyric acid; B-OH-butyrate; FA 4:0;O;L-Methionine; Methionine;L-Valine; valine;L-Tryptophan; Tryptophan;Arachic acid; Arachidic acid,,,,,
Disorders of transmembrane transporters,R-HSA-5619115,reactome,1,12,99,1,1,Glycine;Glutamate; L-Glutamic acid;L-Phenylalanine; Phenylalanine;2S-Amino-3S-methylpentanoic acid; Isoleucine; L-Isoleucine;L-Lysine; Lysine;Uric acid;3-Hydroxybutyric acid; B-OH-butyrate; FA 4:0;O;L-Methionine; Methionine;Glycoursodeoxycholate; Glycoursodeoxycholic acid;L-Valine; valine;L-Tryptophan; Tryptophan;Arachic acid; Arachidic acid,,,,,
Base Excision Repair,R-HSA-73884,reactome,0.99997953,2,27,1,1,Uracil;Niacinamide,,,,,
Purine ribonucleoside monophosphate biosynthesis,R-HSA-73817,reactome,0.920840385,2,37,1,1,Glycine;Glutamate; L-Glutamic acid,,,,,
Nucleotide biosynthesis,R-HSA-8956320,reactome,0.965486385,2,48,1,1,Glycine;Glutamate; L-Glutamic acid,,,,,
Degradation of cysteine and homocysteine,R-HSA-1614558,reactome,0.806633161,4,38,1,1,Glutathione;Glutamate; L-Glutamic acid;Taurine;Malate; Malic acid,,,,,
Sulfur amino acid metabolism,R-HSA-1614635,reactome,0.97675856,5,66,1,1,Glutathione;Glutamate; L-Glutamic acid;Taurine;L-Methionine; Methionine;Malate; Malic acid,,,,,
"Cobalamin (Cbl, vitamin B12) transport and metabolism",R-HSA-196741,reactome,0.988506747,2,31,1,1,Glutathione;L-Methionine; Methionine,,,,,
Cobalamin (Cbl) metabolism,R-HSA-9759218,reactome,0.793102093,2,26,1,1,Glutathione;L-Methionine; Methionine,,,,,
RAF/MAP kinase cascade,R-HSA-5673001,reactome,0.996421238,3,46,1,1,Glycine;Glutamate; L-Glutamic acid;DAG; DG(16:0/16:0/0:0); DG(16:0_16:0);DG(16:0/18:0/0:0); DG(16:0_16:0),,,,,
MAPK family signaling cascades,R-HSA-5683057,reactome,0.990019517,3,46,1,1,Glycine;Glutamate; L-Glutamic acid;DAG; DG(16:0/16:0/0:0); DG(16:0_16:0);DG(16:0/18:0/0:0); DG(16:0_16:0),,,,,
MAPK1/MAPK3 signaling,R-HSA-5684996,reactome,0.990019517,3,46,1,1,Glycine;Glutamate; L-Glutamic acid;DAG; DG(16:0/16:0/0:0); DG(16:0_16:0);DG(16:0/18:0/0:0); DG(16:0_16:0),,,,,
Platelet homeostasis,R-HSA-418346,reactome,1,2,36,1,1,"TG(16:0/16:0/16:1(9Z));TG(16:0/16:0/18:1(9Z));TG(16:0/16:0/18:2(9Z,12Z));TG(16:0/18:0/18:1(9Z));TG(18:0/18:0/18:1(9Z));TG(18:0/18:1(9Z)/18:1(9Z));CE(20:4(5Z,8Z,11Z,14Z))",,,,,
Signaling by Nuclear Receptors,R-HSA-9006931,reactome,0.999996493,3,53,1,1,L-Palmitoylcarnitine; L-PCARN; Palmitoylcarnitine;SPBP 18:1;O2; Sphingosine 1-phosphate;9-cis-Retinoic acid; Alitretinoin,,,,,
Purine catabolism,R-HSA-74259,reactome,0.935380604,2,61,1,1,Uric acid;Xanthine,,,,,
Methylation,R-HSA-156581,reactome,0.935380604,2,38,1,1,Glutathione;L-Methionine; Methionine,,,,,
Neurotransmitter release cycle,R-HSA-112310,reactome,0.999982406,3,47,1,1,"4-Aminobutanoic acid; GABA; gamma-Aminobutyric acid;Glutamate; L-Glutamic acid;all-cis-5,8,11,14-Eicosatetraenoic acid; Arachidonic acid",,,,,
Fcgamma receptor (FCGR) dependent phagocytosis,R-HSA-2029480,reactome,1,2,19,1,1,"all-cis-5,8,11,14-Eicosatetraenoic acid; Arachidonic acid;DAG; DG(16:0/16:0/0:0); DG(16:0_16:0);DG(16:0/18:0/0:0); DG(16:0_16:0)",,,,,
Role of phospholipids in phagocytosis,R-HSA-2029485,reactome,0.996395942,2,16,1,1,"all-cis-5,8,11,14-Eicosatetraenoic acid; Arachidonic acid;DAG; DG(16:0/16:0/0:0); DG(16:0_16:0);DG(16:0/18:0/0:0); DG(16:0_16:0)",,,,,
G alpha (q) signalling events,R-HSA-416476,reactome,1,5,63,1,1,"Glutamate; L-Glutamic acid;L-Lysine; Lysine;Histamine;all-cis-5,8,11,14-Eicosatetraenoic acid; Arachidonic acid;C20:5n-3,6,9,12,15; Eicosapentaenoic acid; EPA",,,,,
Regulation of pyruvate dehydrogenase (PDH) complex,R-HSA-204174,reactome,0.957337338,2,15,1,1,Glutathione;9-cis-Retinoic acid; Alitretinoin,,,,,
"Metabolism of ingested SeMet, Sec, MeSec into H2Se",R-HSA-2408508,reactome,0.670504037,4,33,1,1,Glycine;Histamine;1-Methylhistamine;Niacinamide,,,,,
Transport of inorganic cations/anions and amino acids/oligopeptides,R-HSA-425393,reactome,0.999991183,13,53,1,1,4-Aminobutanoic acid; GABA; gamma-Aminobutyric acid;Glycine;Glutamate; L-Glutamic acid;L-Phenylalanine; Phenylalanine;L-Asparagine;2S-Amino-3S-methylpentanoic acid; Isoleucine; L-Isoleucine;L-Lysine; Lysine;Taurine;L-Methionine; Methionine;4-Hydroxyproline; hydroxy-proline;Malate; Malic acid;L-Valine; valine;L-Tryptophan; Tryptophan,,,,,
Organic anion transporters,R-HSA-428643,reactome,0.752430673,2,14,1,1,Glutamate; L-Glutamic acid;Malate; Malic acid,,,,,
Signaling by Retinoic Acid,R-HSA-5362517,reactome,0.999894668,2,25,1,1,L-Palmitoylcarnitine; L-PCARN; Palmitoylcarnitine;9-cis-Retinoic acid; Alitretinoin,,,,,
Gluconeogenesis,R-HSA-70263,reactome,0.999821134,2,32,1,1,Glutamate; L-Glutamic acid;Malate; Malic acid,,,,,
Pyruvate metabolism,R-HSA-70268,reactome,0.984535702,3,26,1,1,Glutathione;Malate; Malic acid;9-cis-Retinoic acid; Alitretinoin,,,,,
Glucose metabolism,R-HSA-70326,reactome,1,2,43,1,1,Glutamate; L-Glutamic acid;Malate; Malic acid,,,,,
Tryptophan catabolism,R-HSA-71240,reactome,0.586393163,7,35,1,1,Glutamate; L-Glutamic acid;L-Phenylalanine; Phenylalanine;2S-Amino-3S-methylpentanoic acid; Isoleucine; L-Isoleucine;Indolelactic acid;L-Methionine; Methionine;L-Valine; valine;L-Tryptophan; Tryptophan,,,,,
Pyruvate metabolism and Citric Acid (TCA) cycle,R-HSA-71406,reactome,0.999947977,3,43,1,1,Glutathione;Malate; Malic acid;9-cis-Retinoic acid; Alitretinoin,,,,,
Generic Transcription Pathway,R-HSA-212436,reactome,0.999670899,5,59,1,1,Cortisol; ST 21:3;O5;Glutathione;Glutamate; L-Glutamic acid;Niacinamide;9-cis-Retinoic acid; Alitretinoin,,,,,
Aflatoxin activation and detoxification,R-HSA-5423646,reactome,0.875846859,3,30,1,1,Glycine;Glutathione;Glutamate; L-Glutamic acid,,,,,
RNA Polymerase II Transcription,R-HSA-73857,reactome,0.997873823,5,67,1,1,Cortisol; ST 21:3;O5;Glutathione;Glutamate; L-Glutamic acid;Niacinamide;9-cis-Retinoic acid; Alitretinoin,,,,,
Gene expression (Transcription),R-HSA-74160,reactome,0.503519001,5,80,1,1,Cortisol; ST 21:3;O5;Glutathione;Glutamate; L-Glutamic acid;Niacinamide;9-cis-Retinoic acid; Alitretinoin,,,,,
Aspartate and asparagine metabolism,R-HSA-8963693,reactome,0.827065578,3,24,1,1,Glutamate; L-Glutamic acid;L-Asparagine;Taurine,,,,,
Developmental Biology,R-HSA-1266738,reactome,0.999964253,8,40,1,1,"Glycine;Glutamate; L-Glutamic acid;all-cis-5,8,11,14-Eicosatetraenoic acid; Arachidonic acid;C20:5n-3,6,9,12,15; Eicosapentaenoic acid; EPA;9-cis-Retinoic acid; Alitretinoin;Cer(d18:1/24:1(15Z)); Ceramide; Cer[NS];TG(16:0/16:0/16:1(9Z));TG(16:0/16:0/18:1(9Z));TG(16:0/16:0/18:2(9Z,12Z));TG(16:0/18:0/18:1(9Z));TG(18:0/18:0/18:1(9Z));TG(18:0/18:1(9Z)/18:1(9Z));DAG; DG(16:0/16:0/0:0); DG(16:0_16:0);DG(16:0/18:0/0:0); DG(16:0_16:0)",,,,,
Carnitine metabolism,R-HSA-200425,reactome,0.935380604,2,15,1,1,L-Palmitoylcarnitine; L-PCARN; Palmitoylcarnitine;9-cis-Retinoic acid; Alitretinoin,,,,,
Miscellaneous substrates,R-HSA-211958,reactome,0.793102093,2,15,1,1,"all-cis-5,8,11,14-Eicosatetraenoic acid; Arachidonic acid;9-cis-Retinoic acid; Alitretinoin",,,,,
Visual phototransduction,R-HSA-2187338,reactome,0.99999998,5,66,1,1,"L-Methionine; Methionine;9-cis-Retinoic acid; Alitretinoin;TG(16:0/16:0/16:1(9Z));TG(16:0/16:0/18:1(9Z));TG(16:0/16:0/18:2(9Z,12Z));TG(16:0/18:0/18:1(9Z));TG(18:0/18:0/18:1(9Z));TG(18:0/18:1(9Z)/18:1(9Z));CE(20:4(5Z,8Z,11Z,14Z));DAG; DG(16:0/16:0/0:0); DG(16:0_16:0);DG(16:0/18:0/0:0); DG(16:0_16:0)",,,,,
Retinoid metabolism and transport,R-HSA-975634,reactome,0.995669667,4,35,1,1,"9-cis-Retinoic acid; Alitretinoin;TG(16:0/16:0/16:1(9Z));TG(16:0/16:0/18:1(9Z));TG(16:0/16:0/18:2(9Z,12Z));TG(16:0/18:0/18:1(9Z));TG(18:0/18:0/18:1(9Z));TG(18:0/18:1(9Z)/18:1(9Z));CE(20:4(5Z,8Z,11Z,14Z));DAG; DG(16:0/16:0/0:0); DG(16:0_16:0);DG(16:0/18:0/0:0); DG(16:0_16:0)",,,,,
Signaling by VEGF,R-HSA-194138,reactome,1,2,29,1,1,SPBP 18:1;O2; Sphingosine 1-phosphate;DAG; DG(16:0/16:0/0:0); DG(16:0_16:0);DG(16:0/18:0/0:0); DG(16:0_16:0),,,,,
VEGFA-VEGFR2 Pathway,R-HSA-4420097,reactome,1,2,29,1,1,SPBP 18:1;O2; Sphingosine 1-phosphate;DAG; DG(16:0/16:0/0:0); DG(16:0_16:0);DG(16:0/18:0/0:0); DG(16:0_16:0),,,,,
Triglyceride biosynthesis,R-HSA-75109,reactome,0.882404625,2,19,1,1,"Glycerol 3-phosphate;TG(16:0/16:0/16:1(9Z));TG(16:0/16:0/18:1(9Z));TG(16:0/16:0/18:2(9Z,12Z));TG(16:0/18:0/18:1(9Z));TG(18:0/18:0/18:1(9Z));TG(18:0/18:1(9Z)/18:1(9Z))",,,,,
Triglyceride metabolism,R-HSA-8979227,reactome,0.995738428,3,28,1,1,"Glycerol 3-phosphate;TG(16:0/16:0/16:1(9Z));TG(16:0/16:0/18:1(9Z));TG(16:0/16:0/18:2(9Z,12Z));TG(16:0/18:0/18:1(9Z));TG(18:0/18:0/18:1(9Z));TG(18:0/18:1(9Z)/18:1(9Z));CE(20:4(5Z,8Z,11Z,14Z))",,,,,
Opioid Signalling,R-HSA-111885,reactome,1,2,23,1,1,"all-cis-5,8,11,14-Eicosatetraenoic acid; Arachidonic acid;DAG; DG(16:0/16:0/0:0); DG(16:0_16:0);DG(16:0/18:0/0:0); DG(16:0_16:0)",,,,,
G-protein mediated events,R-HSA-112040,reactome,0.999988339,2,19,1,1,"all-cis-5,8,11,14-Eicosatetraenoic acid; Arachidonic acid;DAG; DG(16:0/16:0/0:0); DG(16:0_16:0);DG(16:0/18:0/0:0); DG(16:0_16:0)",,,,,
PLC beta mediated events,R-HSA-112043,reactome,0.999964365,2,19,1,1,"all-cis-5,8,11,14-Eicosatetraenoic acid; Arachidonic acid;DAG; DG(16:0/16:0/0:0); DG(16:0_16:0);DG(16:0/18:0/0:0); DG(16:0_16:0)",,,,,
Recycling of bile acids and salts,R-HSA-159418,reactome,0.949365755,3,20,1,1,Glycine;Taurine;Glycoursodeoxycholate; Glycoursodeoxycholic acid,,,,,
Sulfide oxidation to sulfate,R-HSA-1614517,reactome,0.651110258,2,16,1,1,Glutathione;Malate; Malic acid,,,,,
Triglyceride catabolism,R-HSA-163560,reactome,0.958123328,3,18,1,1,"Glycerol 3-phosphate;TG(16:0/16:0/16:1(9Z));TG(16:0/16:0/18:1(9Z));TG(16:0/16:0/18:2(9Z,12Z));TG(16:0/18:0/18:1(9Z));TG(18:0/18:0/18:1(9Z));TG(18:0/18:1(9Z)/18:1(9Z));CE(20:4(5Z,8Z,11Z,14Z))",,,,,
Sphingolipid de novo biosynthesis,R-HSA-1660661,reactome,0.999337783,3,38,1,1,SPBP 18:1;O2; Sphingosine 1-phosphate;Cer(d18:1/24:1(15Z)); Ceramide; Cer[NS];DAG; DG(16:0/16:0/0:0); DG(16:0_16:0);DG(16:0/18:0/0:0); DG(16:0_16:0),,,,,
Glycosphingolipid metabolism,R-HSA-1660662,reactome,0.99993848,2,38,1,1,Dehydroepiandrosterone sulfate; DHEA-SO4; ST 19:1;O2;S;Cer(d18:1/24:1(15Z)); Ceramide; Cer[NS],,,,,
Toll-like Receptor Cascades,R-HSA-168898,reactome,1,2,36,1,1,"TG(16:0/16:0/16:1(9Z));TG(16:0/16:0/18:1(9Z));TG(16:0/16:0/18:2(9Z,12Z));TG(16:0/18:0/18:1(9Z));TG(18:0/18:0/18:1(9Z));TG(18:0/18:1(9Z)/18:1(9Z));CE(20:4(5Z,8Z,11Z,14Z))",,,,,
Glutathione synthesis and recycling,R-HSA-174403,reactome,0.763416111,3,13,1,1,Glycine;Glutathione;Glutamate; L-Glutamic acid,,,,,
"Plasma lipoprotein assembly, remodeling, and clearance",R-HSA-174824,reactome,0.999999013,3,20,1,1,"TG(16:0/16:0/16:1(9Z));TG(16:0/16:0/18:1(9Z));TG(16:0/16:0/18:2(9Z,12Z));TG(16:0/18:0/18:1(9Z));TG(18:0/18:0/18:1(9Z));TG(18:0/18:1(9Z)/18:1(9Z));CE(20:4(5Z,8Z,11Z,14Z));DAG; DG(16:0/16:0/0:0); DG(16:0_16:0);DG(16:0/18:0/0:0); DG(16:0_16:0)",,,,,
Organelle biogenesis and maintenance,R-HSA-1852241,reactome,0.999090105,3,24,1,1,"all-cis-5,8,11,14-Eicosatetraenoic acid; Arachidonic acid;Niacinamide;C20:5n-3,6,9,12,15; Eicosapentaenoic acid; EPA",,,,,
Synthesis of bile acids and bile salts,R-HSA-192105,reactome,0.998929633,3,73,1,1,Glycine;Taurine;Glycoursodeoxycholate; Glycoursodeoxycholic acid,,,,,
Digestion of dietary lipid,R-HSA-192456,reactome,0.582976592,4,17,1,1,"Glycoursodeoxycholate; Glycoursodeoxycholic acid;TG(16:0/16:0/16:1(9Z));TG(16:0/16:0/18:1(9Z));TG(16:0/16:0/18:2(9Z,12Z));TG(16:0/18:0/18:1(9Z));TG(18:0/18:0/18:1(9Z));TG(18:0/18:1(9Z)/18:1(9Z));CE(20:4(5Z,8Z,11Z,14Z));DAG; DG(16:0/16:0/0:0); DG(16:0_16:0);DG(16:0/18:0/0:0); DG(16:0_16:0)",,,,,
Synthesis of bile acids and bile salts via 7alpha-hydroxycholesterol,R-HSA-193368,reactome,0.989827398,3,49,1,1,Glycine;Taurine;Glycoursodeoxycholate; Glycoursodeoxycholic acid,,,,,
Bile acid and bile salt metabolism,R-HSA-194068,reactome,0.999753707,3,74,1,1,Glycine;Taurine;Glycoursodeoxycholate; Glycoursodeoxycholic acid,,,,,
Vitamin C (ascorbate) metabolism,R-HSA-196836,reactome,0.752430673,2,18,1,1,Glutathione;Oxalic acid,,,,,
Membrane Trafficking,R-HSA-199991,reactome,0.999999462,2,31,1,1,"TG(16:0/16:0/16:1(9Z));TG(16:0/16:0/18:1(9Z));TG(16:0/16:0/18:2(9Z,12Z));TG(16:0/18:0/18:1(9Z));TG(18:0/18:0/18:1(9Z));TG(18:0/18:1(9Z)/18:1(9Z));CE(20:4(5Z,8Z,11Z,14Z))",,,,,
Synthesis of Leukotrienes (LT) and Eoxins (EX),R-HSA-2142691,reactome,0.777481212,4,30,1,1,"Glycine;Glutathione;Glutamate; L-Glutamic acid;all-cis-5,8,11,14-Eicosatetraenoic acid; Arachidonic acid",,,,,
Synthesis of 12-eicosatetraenoic acid derivatives,R-HSA-2142712,reactome,0.651110258,2,10,1,1,"Glutathione;all-cis-5,8,11,14-Eicosatetraenoic acid; Arachidonic acid",,,,,
Synthesis of 15-eicosatetraenoic acid derivatives,R-HSA-2142770,reactome,0.589589731,2,16,1,1,"Glutathione;all-cis-5,8,11,14-Eicosatetraenoic acid; Arachidonic acid",,,,,
EPH-Ephrin signaling,R-HSA-2682334,reactome,1,2,10,1,1,Glycine;Glutamate; L-Glutamic acid,,,,,
Transcriptional Regulation by TP53,R-HSA-3700989,reactome,0.99974933,2,40,1,1,Glutathione;Glutamate; L-Glutamic acid,,,,,
Cytosolic tRNA aminoacylation,R-HSA-379716,reactome,0.786916016,9,66,1,1,Glycine;Glutamate; L-Glutamic acid;L-Phenylalanine; Phenylalanine;L-Asparagine;2S-Amino-3S-methylpentanoic acid; Isoleucine; L-Isoleucine;L-Lysine; Lysine;L-Methionine; Methionine;L-Valine; valine;L-Tryptophan; Tryptophan,,,,,
tRNA Aminoacylation,R-HSA-379724,reactome,0.981940882,9,66,1,1,Glycine;Glutamate; L-Glutamic acid;L-Phenylalanine; Phenylalanine;L-Asparagine;2S-Amino-3S-methylpentanoic acid; Isoleucine; L-Isoleucine;L-Lysine; Lysine;L-Methionine; Methionine;L-Valine; valine;L-Tryptophan; Tryptophan,,,,,
Mitochondrial tRNA aminoacylation,R-HSA-379726,reactome,0.763507422,9,66,1,1,Glycine;Glutamate; L-Glutamic acid;L-Phenylalanine; Phenylalanine;L-Asparagine;2S-Amino-3S-methylpentanoic acid; Isoleucine; L-Isoleucine;L-Lysine; Lysine;L-Methionine; Methionine;L-Valine; valine;L-Tryptophan; Tryptophan,,,,,
EPHB-mediated forward signaling,R-HSA-3928662,reactome,0.999894668,2,10,1,1,Glycine;Glutamate; L-Glutamic acid,,,,,
Axon guidance,R-HSA-422475,reactome,0.807778169,3,20,1,1,Glycine;Glutamate; L-Glutamic acid;DAG; DG(16:0/16:0/0:0); DG(16:0_16:0);DG(16:0/18:0/0:0); DG(16:0_16:0),,,,,
Sphingolipid metabolism,R-HSA-428157,reactome,0.999999973,4,68,1,1,SPBP 18:1;O2; Sphingosine 1-phosphate;Dehydroepiandrosterone sulfate; DHEA-SO4; ST 19:1;O2;S;Cer(d18:1/24:1(15Z)); Ceramide; Cer[NS];DAG; DG(16:0/16:0/0:0); DG(16:0_16:0);DG(16:0/18:0/0:0); DG(16:0_16:0),,,,,
Activation of NMDA receptors and postsynaptic events,R-HSA-442755,reactome,1,2,18,1,1,Glycine;Glutamate; L-Glutamic acid,,,,,
Interconversion of nucleotide di- and triphosphates,R-HSA-499943,reactome,0.996395942,2,50,1,1,Glutathione;Glutamate; L-Glutamic acid,,,,,
VEGFR2 mediated cell proliferation,R-HSA-5218921,reactome,0.982020746,2,11,1,1,SPBP 18:1;O2; Sphingosine 1-phosphate;DAG; DG(16:0/16:0/0:0); DG(16:0_16:0);DG(16:0/18:0/0:0); DG(16:0_16:0),,,,,
TP53 Regulates Metabolic Genes,R-HSA-5628897,reactome,0.999999991,2,26,1,1,Glutathione;Glutamate; L-Glutamic acid,,,,,
Protein repair,R-HSA-5676934,reactome,0.752430673,2,12,1,1,L-Asparagine;L-Methionine; Methionine,,,,,
Keratinization,R-HSA-6805567,reactome,1,3,11,1,1,"Cer(d18:1/24:1(15Z)); Ceramide; Cer[NS];TG(16:0/16:0/16:1(9Z));TG(16:0/16:0/18:1(9Z));TG(16:0/16:0/18:2(9Z,12Z));TG(16:0/18:0/18:1(9Z));TG(18:0/18:0/18:1(9Z));TG(18:0/18:1(9Z)/18:1(9Z));DAG; DG(16:0/16:0/0:0); DG(16:0_16:0);DG(16:0/18:0/0:0); DG(16:0_16:0)",,,,,
Formation of the cornified envelope,R-HSA-6809371,reactome,1,3,11,1,1,"Cer(d18:1/24:1(15Z)); Ceramide; Cer[NS];TG(16:0/16:0/16:1(9Z));TG(16:0/16:0/18:1(9Z));TG(16:0/16:0/18:2(9Z,12Z));TG(16:0/18:0/18:1(9Z));TG(18:0/18:0/18:1(9Z));TG(18:0/18:1(9Z)/18:1(9Z));DAG; DG(16:0/16:0/0:0); DG(16:0_16:0);DG(16:0/18:0/0:0); DG(16:0_16:0)",,,,,
Proline catabolism,R-HSA-70688,reactome,0.444692488,2,11,1,1,Glutamate; L-Glutamic acid;4-Hydroxyproline; hydroxy-proline,,,,,
Histidine catabolism,R-HSA-70921,reactome,0.682798551,3,22,1,1,Glutamate; L-Glutamic acid;Histamine;1-Methylhistamine,,,,,
Lysine catabolism,R-HSA-71064,reactome,0.903348799,2,32,1,1,Glutamate; L-Glutamic acid;L-Lysine; Lysine,,,,,
Creatine metabolism,R-HSA-71288,reactome,0.797248521,3,15,1,1,Glycine;Guanidoacetic acid;Phosphocreatine,,,,,
Translation,R-HSA-72766,reactome,0.999999999,9,83,1,1,Glycine;Glutamate; L-Glutamic acid;L-Phenylalanine; Phenylalanine;L-Asparagine;2S-Amino-3S-methylpentanoic acid; Isoleucine; L-Isoleucine;L-Lysine; Lysine;L-Methionine; Methionine;L-Valine; valine;L-Tryptophan; Tryptophan,,,,,
Fatty acyl-CoA biosynthesis,R-HSA-75105,reactome,0.999821134,2,42,1,1,"Malate; Malic acid;all-cis-5,8,11,14-Eicosatetraenoic acid; Arachidonic acid",,,,,
Clathrin-mediated endocytosis,R-HSA-8856828,reactome,1,2,17,1,1,"TG(16:0/16:0/16:1(9Z));TG(16:0/16:0/18:1(9Z));TG(16:0/16:0/18:2(9Z,12Z));TG(16:0/18:0/18:1(9Z));TG(18:0/18:0/18:1(9Z));TG(18:0/18:1(9Z)/18:1(9Z));CE(20:4(5Z,8Z,11Z,14Z))",,,,,
"GABA synthesis, release, reuptake and degradation",R-HSA-888590,reactome,0.965486385,2,17,1,1,4-Aminobutanoic acid; GABA; gamma-Aminobutyric acid;Glutamate; L-Glutamic acid,,,,,
Digestion,R-HSA-8935690,reactome,0.95452317,4,43,1,1,"Glycoursodeoxycholate; Glycoursodeoxycholic acid;TG(16:0/16:0/16:1(9Z));TG(16:0/16:0/18:1(9Z));TG(16:0/16:0/18:2(9Z,12Z));TG(16:0/18:0/18:1(9Z));TG(18:0/18:0/18:1(9Z));TG(18:0/18:1(9Z)/18:1(9Z));CE(20:4(5Z,8Z,11Z,14Z));DAG; DG(16:0/16:0/0:0); DG(16:0_16:0);DG(16:0/18:0/0:0); DG(16:0_16:0)",,,,,
Carboxyterminal post-translational modifications of tubulin,R-HSA-8955332,reactome,0.999767633,2,10,1,1,Glycine;Glutamate; L-Glutamic acid,,,,,
Digestion and absorption,R-HSA-8963743,reactome,0.973676815,4,45,1,1,"Glycoursodeoxycholate; Glycoursodeoxycholic acid;TG(16:0/16:0/16:1(9Z));TG(16:0/16:0/18:1(9Z));TG(16:0/16:0/18:2(9Z,12Z));TG(16:0/18:0/18:1(9Z));TG(18:0/18:0/18:1(9Z));TG(18:0/18:1(9Z)/18:1(9Z));CE(20:4(5Z,8Z,11Z,14Z));DAG; DG(16:0/16:0/0:0); DG(16:0_16:0);DG(16:0/18:0/0:0); DG(16:0_16:0)",,,,,
Assembly of active LPL and LIPC lipase complexes,R-HSA-8963889,reactome,0.947415607,2,6,1,1,"TG(16:0/16:0/16:1(9Z));TG(16:0/16:0/18:1(9Z));TG(16:0/16:0/18:2(9Z,12Z));TG(16:0/18:0/18:1(9Z));TG(18:0/18:0/18:1(9Z));TG(18:0/18:1(9Z)/18:1(9Z));DAG; DG(16:0/16:0/0:0); DG(16:0_16:0);DG(16:0/18:0/0:0); DG(16:0_16:0)",,,,,
Plasma lipoprotein assembly,R-HSA-8963898,reactome,0.972155993,2,11,1,1,"TG(16:0/16:0/16:1(9Z));TG(16:0/16:0/18:1(9Z));TG(16:0/16:0/18:2(9Z,12Z));TG(16:0/18:0/18:1(9Z));TG(18:0/18:0/18:1(9Z));TG(18:0/18:1(9Z)/18:1(9Z));CE(20:4(5Z,8Z,11Z,14Z))",,,,,
Plasma lipoprotein remodeling,R-HSA-8963899,reactome,0.99178335,3,15,1,1,"TG(16:0/16:0/16:1(9Z));TG(16:0/16:0/18:1(9Z));TG(16:0/16:0/18:2(9Z,12Z));TG(16:0/18:0/18:1(9Z));TG(18:0/18:0/18:1(9Z));TG(18:0/18:1(9Z)/18:1(9Z));CE(20:4(5Z,8Z,11Z,14Z));DAG; DG(16:0/16:0/0:0); DG(16:0_16:0);DG(16:0/18:0/0:0); DG(16:0_16:0)",,,,,
LDL clearance,R-HSA-8964038,reactome,0.957337338,2,9,1,1,"TG(16:0/16:0/16:1(9Z));TG(16:0/16:0/18:1(9Z));TG(16:0/16:0/18:2(9Z,12Z));TG(16:0/18:0/18:1(9Z));TG(18:0/18:0/18:1(9Z));TG(18:0/18:1(9Z)/18:1(9Z));CE(20:4(5Z,8Z,11Z,14Z))",,,,,
Plasma lipoprotein clearance,R-HSA-8964043,reactome,0.99863036,2,9,1,1,"TG(16:0/16:0/16:1(9Z));TG(16:0/16:0/18:1(9Z));TG(16:0/16:0/18:2(9Z,12Z));TG(16:0/18:0/18:1(9Z));TG(18:0/18:0/18:1(9Z));TG(18:0/18:1(9Z)/18:1(9Z));CE(20:4(5Z,8Z,11Z,14Z))",,,,,
HDL remodeling,R-HSA-8964058,reactome,0.635775967,3,12,1,1,"TG(16:0/16:0/16:1(9Z));TG(16:0/16:0/18:1(9Z));TG(16:0/16:0/18:2(9Z,12Z));TG(16:0/18:0/18:1(9Z));TG(18:0/18:0/18:1(9Z));TG(18:0/18:1(9Z)/18:1(9Z));CE(20:4(5Z,8Z,11Z,14Z));DAG; DG(16:0/16:0/0:0); DG(16:0_16:0);DG(16:0/18:0/0:0); DG(16:0_16:0)",,,,,
Intracellular signaling by second messengers,R-HSA-9006925,reactome,0.996395942,2,27,1,1,Niacinamide;DAG; DG(16:0/16:0/0:0); DG(16:0_16:0);DG(16:0/18:0/0:0); DG(16:0_16:0),,,,,
Degradation of GABA,R-HSA-916853,reactome,0.444692488,2,10,1,1,4-Aminobutanoic acid; GABA; gamma-Aminobutyric acid;Glutamate; L-Glutamic acid,,,,,
Negative regulation of NMDA receptor-mediated neuronal transmission,R-HSA-9617324,reactome,0.982020746,2,6,1,1,Glycine;Glutamate; L-Glutamic acid,,,,,
LTC4-CYSLTR mediated IL4 production,R-HSA-9664535,reactome,0.589589731,2,7,1,1,Glycine;Glutamate; L-Glutamic acid,,,,,
Nervous system development,R-HSA-9675108,reactome,0.982020746,3,20,1,1,Glycine;Glutamate; L-Glutamic acid;DAG; DG(16:0/16:0/0:0); DG(16:0_16:0);DG(16:0/18:0/0:0); DG(16:0_16:0),,,,,
Cytoprotection by HMOX1,R-HSA-9707564,reactome,0.999999386,2,27,1,1,"all-cis-5,8,11,14-Eicosatetraenoic acid; Arachidonic acid;C20:5n-3,6,9,12,15; Eicosapentaenoic acid; EPA",,,,,
Cellular response to chemical stress,R-HSA-9711123,reactome,1,3,47,1,1,"Glutathione;all-cis-5,8,11,14-Eicosatetraenoic acid; Arachidonic acid;C20:5n-3,6,9,12,15; Eicosapentaenoic acid; EPA",,,,,
Azathioprine ADME,R-HSA-9748787,reactome,0.990843933,2,36,1,1,Glutathione;Glutamate; L-Glutamic acid,,,,,
Amino acid transport across the plasma membrane,R-HSA-352230,reactome,0.756681567,12,32,1,1,4-Aminobutanoic acid; GABA; gamma-Aminobutyric acid;Glycine;Glutamate; L-Glutamic acid;L-Phenylalanine; Phenylalanine;L-Asparagine;2S-Amino-3S-methylpentanoic acid; Isoleucine; L-Isoleucine;L-Lysine; Lysine;Taurine;L-Methionine; Methionine;4-Hydroxyproline; hydroxy-proline;L-Valine; valine;L-Tryptophan; Tryptophan,,,,,
"Transport of vitamins, nucleosides, and related molecules",R-HSA-425397,reactome,0.99989868,4,62,1,1,Uracil;Glycoursodeoxycholate; Glycoursodeoxycholic acid;Dehydroepiandrosterone sulfate; DHEA-SO4; ST 19:1;O2;S;Arachic acid; Arachidic acid,,,,,
Transport of organic anions,R-HSA-879518,reactome,0.857453866,2,16,1,1,Glycoursodeoxycholate; Glycoursodeoxycholic acid;Dehydroepiandrosterone sulfate; DHEA-SO4; ST 19:1;O2;S,,,,,
RORA activates gene expression,R-HSA-1368082,reactome,0.982020746,2,7,1,1,"all-cis-5,8,11,14-Eicosatetraenoic acid; Arachidonic acid;C20:5n-3,6,9,12,15; Eicosapentaenoic acid; EPA",,,,,
"BMAL1:CLOCK,NPAS2 activates circadian gene expression",R-HSA-1368108,reactome,0.990843933,2,7,1,1,"all-cis-5,8,11,14-Eicosatetraenoic acid; Arachidonic acid;C20:5n-3,6,9,12,15; Eicosapentaenoic acid; EPA",,,,,
Mitochondrial biogenesis,R-HSA-1592230,reactome,0.999999999,3,16,1,1,"all-cis-5,8,11,14-Eicosatetraenoic acid; Arachidonic acid;Niacinamide;C20:5n-3,6,9,12,15; Eicosapentaenoic acid; EPA",,,,,
Regulation of cholesterol biosynthesis by SREBP (SREBF),R-HSA-1655829,reactome,0.999999167,2,11,1,1,"all-cis-5,8,11,14-Eicosatetraenoic acid; Arachidonic acid;C20:5n-3,6,9,12,15; Eicosapentaenoic acid; EPA",,,,,
PPARA activates gene expression,R-HSA-1989781,reactome,1,2,17,1,1,"all-cis-5,8,11,14-Eicosatetraenoic acid; Arachidonic acid;C20:5n-3,6,9,12,15; Eicosapentaenoic acid; EPA",,,,,
Transcriptional activation of mitochondrial biogenesis,R-HSA-2151201,reactome,0.999982406,3,15,1,1,"all-cis-5,8,11,14-Eicosatetraenoic acid; Arachidonic acid;Niacinamide;C20:5n-3,6,9,12,15; Eicosapentaenoic acid; EPA",,,,,
Activation of gene expression by SREBF (SREBP),R-HSA-2426168,reactome,0.99995313,2,8,1,1,"all-cis-5,8,11,14-Eicosatetraenoic acid; Arachidonic acid;C20:5n-3,6,9,12,15; Eicosapentaenoic acid; EPA",,,,,
Transcriptional regulation of white adipocyte differentiation,R-HSA-381340,reactome,1,2,11,1,1,"all-cis-5,8,11,14-Eicosatetraenoic acid; Arachidonic acid;C20:5n-3,6,9,12,15; Eicosapentaenoic acid; EPA",,,,,
Regulation of lipid metabolism by PPARalpha,R-HSA-400206,reactome,1,2,17,1,1,"all-cis-5,8,11,14-Eicosatetraenoic acid; Arachidonic acid;C20:5n-3,6,9,12,15; Eicosapentaenoic acid; EPA",,,,,
Circadian Clock,R-HSA-400253,reactome,0.999998209,3,14,1,1,"Cortisol; ST 21:3;O5;all-cis-5,8,11,14-Eicosatetraenoic acid; Arachidonic acid;C20:5n-3,6,9,12,15; Eicosapentaenoic acid; EPA",,,,,
Heme signaling,R-HSA-9707616,reactome,0.999551891,4,18,1,1,"all-cis-5,8,11,14-Eicosatetraenoic acid; Arachidonic acid;C20:5n-3,6,9,12,15; Eicosapentaenoic acid; EPA;TG(16:0/16:0/16:1(9Z));TG(16:0/16:0/18:1(9Z));TG(16:0/16:0/18:2(9Z,12Z));TG(16:0/18:0/18:1(9Z));TG(18:0/18:0/18:1(9Z));TG(18:0/18:1(9Z)/18:1(9Z));CE(20:4(5Z,8Z,11Z,14Z))",,,,,
Chylomicron remodeling,R-HSA-8963901,reactome,0.635775967,3,7,1,1,"TG(16:0/16:0/16:1(9Z));TG(16:0/16:0/18:1(9Z));TG(16:0/16:0/18:2(9Z,12Z));TG(16:0/18:0/18:1(9Z));TG(18:0/18:0/18:1(9Z));TG(18:0/18:1(9Z)/18:1(9Z));CE(20:4(5Z,8Z,11Z,14Z));DAG; DG(16:0/16:0/0:0); DG(16:0_16:0);DG(16:0/18:0/0:0); DG(16:0_16:0)",,,,,
Cell surface interactions at the vascular wall,R-HSA-202733,reactome,1,2,13,1,1,"TG(16:0/16:0/16:1(9Z));TG(16:0/16:0/18:1(9Z));TG(16:0/16:0/18:2(9Z,12Z));TG(16:0/18:0/18:1(9Z));TG(18:0/18:0/18:1(9Z));TG(18:0/18:1(9Z)/18:1(9Z));CE(20:4(5Z,8Z,11Z,14Z))",,,,,
Scavenging by Class F Receptors,R-HSA-3000484,reactome,0.589589731,2,9,1,1,"TG(16:0/16:0/16:1(9Z));TG(16:0/16:0/18:1(9Z));TG(16:0/16:0/18:2(9Z,12Z));TG(16:0/18:0/18:1(9Z));TG(18:0/18:0/18:1(9Z));TG(18:0/18:1(9Z)/18:1(9Z));CE(20:4(5Z,8Z,11Z,14Z))",,,,,
Platelet sensitization by LDL,R-HSA-432142,reactome,0.965486385,2,6,1,1,"TG(16:0/16:0/16:1(9Z));TG(16:0/16:0/18:1(9Z));TG(16:0/16:0/18:2(9Z,12Z));TG(16:0/18:0/18:1(9Z));TG(18:0/18:0/18:1(9Z));TG(18:0/18:1(9Z)/18:1(9Z));CE(20:4(5Z,8Z,11Z,14Z))",,,,,
Regulation of TLR by endogenous ligand,R-HSA-5686938,reactome,0.957337338,2,16,1,1,"TG(16:0/16:0/16:1(9Z));TG(16:0/16:0/18:1(9Z));TG(16:0/16:0/18:2(9Z,12Z));TG(16:0/18:0/18:1(9Z));TG(18:0/18:0/18:1(9Z));TG(18:0/18:1(9Z)/18:1(9Z));CE(20:4(5Z,8Z,11Z,14Z))",,,,,
Cargo recognition for clathrin-mediated endocytosis,R-HSA-8856825,reactome,1,2,10,1,1,"TG(16:0/16:0/16:1(9Z));TG(16:0/16:0/18:1(9Z));TG(16:0/16:0/18:2(9Z,12Z));TG(16:0/18:0/18:1(9Z));TG(18:0/18:0/18:1(9Z));TG(18:0/18:1(9Z)/18:1(9Z));CE(20:4(5Z,8Z,11Z,14Z))",,,,,
Post NMDA receptor activation events,R-HSA-438064,reactome,0.999999987,2,13,1,1,Glycine;Glutamate; L-Glutamic acid,,,,,
"Unblocking of NMDA receptors, glutamate binding and activation",R-HSA-438066,reactome,0.972155993,2,7,1,1,Glycine;Glutamate; L-Glutamic acid,,,,,
CREB1 phosphorylation through NMDA receptor-mediated activation of RAS signaling,R-HSA-442742,reactome,0.997161119,2,10,1,1,Glycine;Glutamate; L-Glutamic acid,,,,,
Ras activation upon Ca2+ influx through NMDA receptor,R-HSA-442982,reactome,0.982020746,2,6,1,1,Glycine;Glutamate; L-Glutamic acid,,,,,
Long-term potentiation,R-HSA-9620244,reactome,0.985607415,2,6,1,1,Glycine;Glutamate; L-Glutamic acid,,,,,
FOXO-mediated transcription,R-HSA-9614085,reactome,0.99999987,2,12,1,1,Cortisol; ST 21:3;O5;Niacinamide,,,,,
Na+/Cl- dependent neurotransmitter transporters,R-HSA-442660,reactome,0.322393428,12,32,1,1,4-Aminobutanoic acid; GABA; gamma-Aminobutyric acid;Glycine;L-Phenylalanine; Phenylalanine;L-Asparagine;2S-Amino-3S-methylpentanoic acid; Isoleucine; L-Isoleucine;L-Lysine; Lysine;Taurine;L-Methionine; Methionine;4-Hydroxyproline; hydroxy-proline;Histamine;L-Valine; valine;L-Tryptophan; Tryptophan,,,,,
Variant SLC6A14 may confer susceptibility towards obesity,R-HSA-5619094,reactome,0.143214376,6,15,1,1,Glycine;2S-Amino-3S-methylpentanoic acid; Isoleucine; L-Isoleucine;L-Lysine; Lysine;L-Methionine; Methionine;L-Valine; valine;L-Tryptophan; Tryptophan,,,,,
Amino acid metabolism pathway excerpt: histidine catabolism extension,WP4661,wiki,0.903348799,2,17,1,1,Glutamate; L-Glutamic acid;Malate; Malic acid,,,,,
Linoleic acid metabolism affected by SARS-CoV-2,WP4853,wiki,0.857453866,2,15,1,1,"all-cis-5,8,11,14-Eicosatetraenoic acid; Arachidonic acid;LPC(18:2); LysoPC(18:2(9Z,12Z)/0:0); Omega-6",,,,,
Biosynthesis and regeneration of tetrahydrobiopterin and catabolism of phenylalanine,WP4156,wiki,0.882404625,2,31,1,1,L-Phenylalanine; Phenylalanine;L-Tryptophan; Tryptophan,,,,,
Cysteine and methionine catabolism,WP4504,wiki,0.840989705,5,39,1,1,Glycine;Glutathione;Glutamate; L-Glutamic acid;Taurine;L-Methionine; Methionine,,,,,
Methionine de novo and salvage pathway,WP3580,wiki,0.99824997,2,49,1,1,Glutamate; L-Glutamic acid;L-Methionine; Methionine,,,,,
Cannabinoid receptor signaling,WP3869,wiki,0.984535702,3,21,1,1,"4-Aminobutanoic acid; GABA; gamma-Aminobutyric acid;Glutamate; L-Glutamic acid;all-cis-5,8,11,14-Eicosatetraenoic acid; Arachidonic acid",,,,,
Metabolism of water-soluble vitamins and cofactors,WP1857,wiki,0.999999641,4,82,1,1,Glutathione;L-Lysine; Lysine;L-Methionine; Methionine;Oxalic acid,,,,,
Vitamin B6-dependent and responsive disorders,WP4228,wiki,0.827896813,2,20,1,1,Glutamate; L-Glutamic acid;L-Lysine; Lysine,,,,,
GABA receptor signaling,WP4159,wiki,0.995434544,2,10,1,1,4-Aminobutanoic acid; GABA; gamma-Aminobutyric acid;Glutamate; L-Glutamic acid,,,,,
NAD+ biosynthetic pathways,WP3645,wiki,0.985607415,2,16,1,1,L-Tryptophan; Tryptophan;Niacinamide,,,,,
Non-small cell lung cancer,WP4255,wiki,0.99999987,2,11,1,1,9-cis-Retinoic acid; Alitretinoin;DAG; DG(16:0/16:0/0:0); DG(16:0_16:0);DG(16:0/18:0/0:0); DG(16:0_16:0),,,,,
Serine metabolism,WP4688,wiki,0.725323324,3,25,1,1,Glycine;Glutamate; L-Glutamic acid;Cer(d18:1/24:1(15Z)); Ceramide; Cer[NS],,,,,
Aflatoxin activation and detoxification,WP3306,wiki,0.875846859,3,28,1,1,Glycine;Glutathione;Glutamate; L-Glutamic acid,,,,,
Clathrin-mediated endocytosis,WP4065,wiki,1,2,15,1,1,"TG(16:0/16:0/16:1(9Z));TG(16:0/16:0/18:1(9Z));TG(16:0/16:0/18:2(9Z,12Z));TG(16:0/18:0/18:1(9Z));TG(18:0/18:0/18:1(9Z));TG(18:0/18:1(9Z)/18:1(9Z));CE(20:4(5Z,8Z,11Z,14Z))",,,,,
Sulfur amino acid metabolism,WP3574,wiki,0.9722003,5,69,1,1,Glutathione;Glutamate; L-Glutamic acid;Taurine;L-Methionine; Methionine;Malate; Malic acid,,,,,
NAD+ metabolism,WP3644,wiki,0.957337338,2,15,1,1,L-Tryptophan; Tryptophan;Niacinamide,,,,,
Amino acid metabolism in triple-negative breast cancer cells,WP5213,wiki,0.725323324,3,19,1,1,Glutathione;Glutamate; L-Glutamic acid;Malate; Malic acid,,,,,
Purine metabolism and related disorders,WP4224,wiki,0.91128929,5,58,1,1,Glutamate; L-Glutamic acid;Uric acid;Xanthine;Xanthosine;L-Methionine; Methionine,,,,,
Anti-inflammatory response favouring Leishmania parasite infection,WP4993,wiki,1,4,35,1,1,Glycine;Glutamate; L-Glutamic acid;Histamine;DAG; DG(16:0/16:0/0:0); DG(16:0_16:0);DG(16:0/18:0/0:0); DG(16:0_16:0),,,,,
Hereditary leiomyomatosis and renal cell carcinoma pathway,WP4206,wiki,0.990843933,2,21,1,1,Glutamate; L-Glutamic acid;Malate; Malic acid,,,,,
RAF/MAP kinase cascade,WP2735,wiki,0.996421238,2,15,1,1,Glycine;Glutamate; L-Glutamic acid,,,,,
EPH-Ephrin signaling,WP3309,wiki,1,2,9,1,1,Glycine;Glutamate; L-Glutamic acid,,,,,
GABA metabolism (aka GHB),WP4157,wiki,0.763416111,3,28,1,1,4-Aminobutanoic acid; GABA; gamma-Aminobutyric acid;Glutamate; L-Glutamic acid;Uracil,,,,,
Opioid signaling,WP1978,wiki,1,2,22,1,1,"all-cis-5,8,11,14-Eicosatetraenoic acid; Arachidonic acid;DAG; DG(16:0/16:0/0:0); DG(16:0_16:0);DG(16:0/18:0/0:0); DG(16:0_16:0)",,,,,
Lipid metabolism pathway,WP3965,wiki,0.997161119,2,13,1,1,"TG(16:0/16:0/16:1(9Z));TG(16:0/16:0/18:1(9Z));TG(16:0/16:0/18:2(9Z,12Z));TG(16:0/18:0/18:1(9Z));TG(18:0/18:0/18:1(9Z));TG(18:0/18:1(9Z)/18:1(9Z));DAG; DG(16:0/16:0/0:0); DG(16:0_16:0);DG(16:0/18:0/0:0); DG(16:0_16:0)",,,,,
Mitochondrial beta-oxidation,WP5241,wiki,0.947415607,2,143,1,1,"all-cis-5,8,11,14-Eicosatetraenoic acid; Arachidonic acid;C20:5n-3,6,9,12,15; Eicosapentaenoic acid; EPA",,,,,
Citric acid cycle and respiratory electron transport,WP2766,wiki,0.999960185,3,44,1,1,Glutathione;Malate; Malic acid;9-cis-Retinoic acid; Alitretinoin,,,,,
16p11.2 proximal deletion syndrome,WP4949,wiki,0.99999971,3,40,1,1,"Cer(d18:1/24:1(15Z)); Ceramide; Cer[NS];DAG; DG(16:0/16:0/0:0); DG(16:0_16:0);DG(16:0/18:0/0:0); DG(16:0_16:0);LPC(14:1); LysoPC(16:1(9Z)/0:0);LPC(14:1); LysoPC(20:5(5Z,8Z,11Z,14Z,17Z)/0:0);LPC(14:1); LysoPC(24:0/0:0)",,,,,
Vitamin D-sensitive calcium signaling in depression,WP4698,wiki,0.995434544,2,15,1,1,Glutamate; L-Glutamic acid;DAG; DG(16:0/16:0/0:0); DG(16:0_16:0);DG(16:0/18:0/0:0); DG(16:0_16:0),,,,,
Ferroptosis,WP4313,wiki,0.999987938,4,40,1,1,"Glutathione;Glutamate; L-Glutamic acid;L-Methionine; Methionine;all-cis-5,8,11,14-Eicosatetraenoic acid; Arachidonic acid",,,,,
7q11.23 copy number variation syndrome,WP4932,wiki,1,2,19,1,1,4-Aminobutanoic acid; GABA; gamma-Aminobutyric acid;Glutamate; L-Glutamic acid,,,,,
Metabolic reprogramming in pancreatic cancer,WP5220,wiki,0.999919419,2,31,1,1,"Glutamate; L-Glutamic acid;CE(20:4(5Z,8Z,11Z,14Z))",,,,,
RORA activates gene expression,WP3370,wiki,0.977596631,2,5,1,1,"all-cis-5,8,11,14-Eicosatetraenoic acid; Arachidonic acid;C20:5n-3,6,9,12,15; Eicosapentaenoic acid; EPA",,,,,
TP53 Regulates Metabolic Genes,WP3349,wiki,0.999999991,2,27,1,1,Glutathione;Glutamate; L-Glutamic acid,,,,,
Keratinization,WP4087,wiki,0.99999971,3,9,1,1,"Cer(d18:1/24:1(15Z)); Ceramide; Cer[NS];TG(16:0/16:0/16:1(9Z));TG(16:0/16:0/18:1(9Z));TG(16:0/16:0/18:2(9Z,12Z));TG(16:0/18:0/18:1(9Z));TG(18:0/18:0/18:1(9Z));TG(18:0/18:1(9Z)/18:1(9Z));DAG; DG(16:0/16:0/0:0); DG(16:0_16:0);DG(16:0/18:0/0:0); DG(16:0_16:0)",,,,,
Digestion,WP4104,wiki,0.945792251,4,40,1,1,"Glycoursodeoxycholate; Glycoursodeoxycholic acid;TG(16:0/16:0/16:1(9Z));TG(16:0/16:0/18:1(9Z));TG(16:0/16:0/18:2(9Z,12Z));TG(16:0/18:0/18:1(9Z));TG(18:0/18:0/18:1(9Z));TG(18:0/18:1(9Z)/18:1(9Z));CE(20:4(5Z,8Z,11Z,14Z));DAG; DG(16:0/16:0/0:0); DG(16:0_16:0);DG(16:0/18:0/0:0); DG(16:0_16:0)",,,,,
Amino acid metabolism,WP3925,wiki,0.99995147,16,109,1,1,Glycine;Glutathione;Guanidoacetic acid;Glutamate; L-Glutamic acid;L-Phenylalanine; Phenylalanine;L-Asparagine;2S-Amino-3S-methylpentanoic acid; Isoleucine; L-Isoleucine;3-Hydroxybutyric acid; B-OH-butyrate; FA 4:0;O;L-Methionine; Methionine;4-Hydroxyproline; hydroxy-proline;Malate; Malic acid;Histamine;L-Valine; valine;1-Methylhistamine;L-Tryptophan; Tryptophan;Phosphocreatine,,,,,
Mitochondrial biogenesis,WP3331,wiki,0.999998209,3,14,1,1,"all-cis-5,8,11,14-Eicosatetraenoic acid; Arachidonic acid;Niacinamide;C20:5n-3,6,9,12,15; Eicosapentaenoic acid; EPA",,,,,
Arachidonic acid metabolism,WP2650,wiki,0.990940074,5,70,1,1,"Glycine;Glutathione;Glutamate; L-Glutamic acid;all-cis-5,8,11,14-Eicosatetraenoic acid; Arachidonic acid;5-HETE",,,,,
Cholesterol metabolism,WP5304,wiki,0.999987938,4,32,1,1,"Glutamate; L-Glutamic acid;TG(16:0/16:0/16:1(9Z));TG(16:0/16:0/18:1(9Z));TG(16:0/16:0/18:2(9Z,12Z));TG(16:0/18:0/18:1(9Z));TG(18:0/18:0/18:1(9Z));TG(18:0/18:1(9Z)/18:1(9Z));CE(20:4(5Z,8Z,11Z,14Z));DAG; DG(16:0/16:0/0:0); DG(16:0_16:0);DG(16:0/18:0/0:0); DG(16:0_16:0)",,,,,
tRNA aminoacylation,WP1938,wiki,0.981940882,9,26,1,1,Glycine;Glutamate; L-Glutamic acid;L-Phenylalanine; Phenylalanine;L-Asparagine;2S-Amino-3S-methylpentanoic acid; Isoleucine; L-Isoleucine;L-Lysine; Lysine;L-Methionine; Methionine;L-Valine; valine;L-Tryptophan; Tryptophan,,,,,
Bile acid and bile salt metabolism,WP1788,wiki,0.999753707,3,75,1,1,Glycine;Taurine;Glycoursodeoxycholate; Glycoursodeoxycholic acid,,,,,
Signaling by VEGF,WP1919,wiki,1,2,28,1,1,SPBP 18:1;O2; Sphingosine 1-phosphate;DAG; DG(16:0/16:0/0:0); DG(16:0_16:0);DG(16:0/18:0/0:0); DG(16:0_16:0),,,,,
Glycine metabolism,WP1495,wiki,0.378564998,4,13,1,1,Glycine;Glutathione;Glutamate; L-Glutamic acid;Oxalic acid,,,,,
Binding and uptake of ligands by scavenger receptors,WP2784,wiki,0.999821134,2,35,1,1,"TG(16:0/16:0/16:1(9Z));TG(16:0/16:0/18:1(9Z));TG(16:0/16:0/18:2(9Z,12Z));TG(16:0/18:0/18:1(9Z));TG(18:0/18:0/18:1(9Z));TG(18:0/18:1(9Z)/18:1(9Z));CE(20:4(5Z,8Z,11Z,14Z))",,,,,
"Leucine, isoleucine and valine metabolism",WP4686,wiki,0.99178335,3,68,1,1,2S-Amino-3S-methylpentanoic acid; Isoleucine; L-Isoleucine;3-Hydroxybutyric acid; B-OH-butyrate; FA 4:0;O;L-Valine; valine,,,,,
Biomarkers for urea cycle disorders,WP4583,wiki,0.949365755,3,22,1,1,Guanidoacetic acid;Glutamate; L-Glutamic acid;L-Methionine; Methionine,,,,,
G alpha (q) signaling events,WP4424,wiki,1,3,53,1,1,"Glutamate; L-Glutamic acid;Histamine;C20:5n-3,6,9,12,15; Eicosapentaenoic acid; EPA",,,,,
Fcgamma receptor (FCGR) dependent phagocytosis,WP2719,wiki,1,2,18,1,1,"all-cis-5,8,11,14-Eicosatetraenoic acid; Arachidonic acid;DAG; DG(16:0/16:0/0:0); DG(16:0_16:0);DG(16:0/18:0/0:0); DG(16:0_16:0)",,,,,
Trans-sulfuration pathway,WP2333,wiki,0.670504037,4,14,1,1,Glutathione;Glutamate; L-Glutamic acid;Taurine;L-Methionine; Methionine,,,,,
"Arachidonic acid (AA, ARA) oxylipin metabolism",WP5155,wiki,0.651110258,2,78,1,1,"all-cis-5,8,11,14-Eicosatetraenoic acid; Arachidonic acid;5-HETE",,,,,
Biosynthesis of EPA-derived SPMs,WP4440,wiki,0.520651836,2,24,1,1,"Glutathione;C20:5n-3,6,9,12,15; Eicosapentaenoic acid; EPA",,,,,
Class A/1 (rhodopsin-like receptors),WP4419,wiki,0.999960185,4,77,1,1,"SPBP 18:1;O2; Sphingosine 1-phosphate;3-Hydroxybutyric acid; B-OH-butyrate; FA 4:0;O;Histamine;C20:5n-3,6,9,12,15; Eicosapentaenoic acid; EPA",,,,,
"BMAL1:CLOCK,NPAS2 activates circadian gene expression",WP3355,wiki,0.988506747,2,5,1,1,"all-cis-5,8,11,14-Eicosatetraenoic acid; Arachidonic acid;C20:5n-3,6,9,12,15; Eicosapentaenoic acid; EPA",,,,,
Urea cycle and metabolism of amino groups,WP497,wiki,0.989827398,3,34,1,1,Guanidoacetic acid;Glutamate; L-Glutamic acid;Phosphocreatine,,,,,
Amino acid transport defects (IEMs),WP5029,wiki,0.262060896,8,27,1,1,Glycine;Glutamate; L-Glutamic acid;L-Phenylalanine; Phenylalanine;L-Asparagine;L-Lysine; Lysine;L-Methionine; Methionine;L-Valine; valine;L-Tryptophan; Tryptophan,,,,,
Biomarkers for pyrimidine metabolism disorders,WP4584,wiki,0.926719314,3,36,1,1,Glutathione;Uracil;Phosphocreatine,,,,,
Leukotriene metabolic pathway,WP5171,wiki,0.827896813,2,19,1,1,"Glutathione;all-cis-5,8,11,14-Eicosatetraenoic acid; Arachidonic acid",,,,,
Creatine pathway,WP5190,wiki,0.484349614,4,18,1,1,Glycine;Guanidoacetic acid;Glutamate; L-Glutamic acid;Phosphocreatine,,,,,
Fatty Acids and Lipoproteins Transport in Hepatocytes,WP5323,wiki,0.947415607,2,7,1,1,"TG(16:0/16:0/16:1(9Z));TG(16:0/16:0/18:1(9Z));TG(16:0/16:0/18:2(9Z,12Z));TG(16:0/18:0/18:1(9Z));TG(18:0/18:0/18:1(9Z));TG(18:0/18:1(9Z)/18:1(9Z));CE(20:4(5Z,8Z,11Z,14Z))",,,,,
Circadian Clock,WP1797,wiki,0.999989915,3,12,1,1,"Cortisol; ST 21:3;O5;all-cis-5,8,11,14-Eicosatetraenoic acid; Arachidonic acid;C20:5n-3,6,9,12,15; Eicosapentaenoic acid; EPA",,,,,
Lipid particles composition,WP3601,wiki,0.752430673,2,10,1,1,"TG(16:0/16:0/16:1(9Z));TG(16:0/16:0/18:1(9Z));TG(16:0/16:0/18:2(9Z,12Z));TG(16:0/18:0/18:1(9Z));TG(18:0/18:0/18:1(9Z));TG(18:0/18:1(9Z)/18:1(9Z));CE(20:4(5Z,8Z,11Z,14Z))",,,,,
Nucleobase biosynthesis,WP4084,wiki,0.972155993,2,47,1,1,Glycine;Glutamate; L-Glutamic acid,,,,,
Tryptophan catabolism,WP4994,wiki,0.586393163,7,34,1,1,Glutamate; L-Glutamic acid;L-Phenylalanine; Phenylalanine;2S-Amino-3S-methylpentanoic acid; Isoleucine; L-Isoleucine;Indolelactic acid;L-Methionine; Methionine;L-Valine; valine;L-Tryptophan; Tryptophan,,,,,
Fatty acid beta-oxidation,WP143,wiki,0.99916634,2,35,1,1,"Glycerol 3-phosphate;TG(16:0/16:0/16:1(9Z));TG(16:0/16:0/18:1(9Z));TG(16:0/16:0/18:2(9Z,12Z));TG(16:0/18:0/18:1(9Z));TG(18:0/18:0/18:1(9Z));TG(18:0/18:1(9Z)/18:1(9Z))",,,,,
Omega-3 / omega-6 fatty acid synthesis,WP4723,wiki,0.982020746,2,39,1,1,"all-cis-5,8,11,14-Eicosatetraenoic acid; Arachidonic acid;C20:5n-3,6,9,12,15; Eicosapentaenoic acid; EPA",,,,,
Activation of gene expression by SREBF (SREBP),WP2706,wiki,0.99993848,2,6,1,1,"all-cis-5,8,11,14-Eicosatetraenoic acid; Arachidonic acid;C20:5n-3,6,9,12,15; Eicosapentaenoic acid; EPA",,,,,
Branched-chain amino acid catabolism,WP3556,wiki,0.96547796,3,37,1,1,Glutamate; L-Glutamic acid;2S-Amino-3S-methylpentanoic acid; Isoleucine; L-Isoleucine;L-Valine; valine,,,,,
Molybdenum cofactor (Moco) biosynthesis,WP4507,wiki,0.589589731,2,11,1,1,Uric acid;Xanthine,,,,,
NAD biosynthesis II (from tryptophan),WP2485,wiki,0.857453866,2,25,1,1,Glutamate; L-Glutamic acid;L-Tryptophan; Tryptophan,,,,,
Acrylamide biotransformation and exposure biomarkers,WP4233,wiki,0.27703532,2,8,1,1,Glutathione;L-Valine; valine,,,,,
Glucose metabolism,WP4093,wiki,1,2,42,1,1,Glutamate; L-Glutamic acid;Malate; Malic acid,,,,,
Proximal tubule transport,WP4917,wiki,0.99997953,2,25,1,1,Glycine;Oxalic acid,,,,,
Glutathione metabolism,WP100,wiki,0.926719314,3,21,1,1,Glycine;Glutathione;Glutamate; L-Glutamic acid,,,,,
Purine metabolism,WP4792,wiki,0.875846859,3,36,1,1,Uric acid;Xanthine;Xanthosine,,,,,
Biogenic amine synthesis,WP550,wiki,0.540123064,5,17,1,1,4-Aminobutanoic acid; GABA; gamma-Aminobutyric acid;Glutamate; L-Glutamic acid;L-Phenylalanine; Phenylalanine;Histamine;L-Tryptophan; Tryptophan,,,,,
HIF1A and PPARG regulation of glycolysis,WP2456,wiki,0.635775967,3,10,1,1,"Glycerol 3-phosphate;TG(16:0/16:0/16:1(9Z));TG(16:0/16:0/18:1(9Z));TG(16:0/16:0/18:2(9Z,12Z));TG(16:0/18:0/18:1(9Z));TG(18:0/18:0/18:1(9Z));TG(18:0/18:1(9Z)/18:1(9Z));DAG; DG(16:0/16:0/0:0); DG(16:0_16:0);DG(16:0/18:0/0:0); DG(16:0_16:0)",,,,,
Tryptophan metabolism,WP465,wiki,0.998930324,2,61,1,1,Indolelactic acid;L-Tryptophan; Tryptophan,,,,,
Metabolic reprogramming in colon cancer,WP4290,wiki,0.995959342,5,38,1,1,Glycine;Glutathione;Glutamate; L-Glutamic acid;L-Asparagine;Malate; Malic acid,,,,,
Neuroinflammation and glutamatergic signaling,WP5083,wiki,1,2,27,1,1,Glycine;Glutamate; L-Glutamic acid,,,,,
"Transport of bile salts and organic acids, metal ions and amine compounds",WP1935,wiki,0.999628469,15,70,1,1,4-Aminobutanoic acid; GABA; gamma-Aminobutyric acid;Glycine;L-Phenylalanine; Phenylalanine;L-Asparagine;2S-Amino-3S-methylpentanoic acid; Isoleucine; L-Isoleucine;L-Lysine; Lysine;Taurine;Uric acid;3-Hydroxybutyric acid; B-OH-butyrate; FA 4:0;O;L-Methionine; Methionine;4-Hydroxyproline; hydroxy-proline;Histamine;L-Valine; valine;L-Tryptophan; Tryptophan;Dehydroepiandrosterone sulfate; DHEA-SO4; ST 19:1;O2;S,,,,,
Glycerolipids and glycerophospholipids,WP4722,wiki,0.988506747,2,29,1,1,"Glycerol 3-phosphate;TG(16:0/16:0/16:1(9Z));TG(16:0/16:0/18:1(9Z));TG(16:0/16:0/18:2(9Z,12Z));TG(16:0/18:0/18:1(9Z));TG(18:0/18:0/18:1(9Z));TG(18:0/18:1(9Z)/18:1(9Z))",,,,,
Metabolic pathways of fibroblasts,WP5312,wiki,0.998930324,2,25,1,1,Glycine;Glutamate; L-Glutamic acid,,,,,
Sudden infant death syndrome (SIDS) susceptibility pathways,WP706,wiki,1,3,14,1,1,4-Aminobutanoic acid; GABA; gamma-Aminobutyric acid;L-Phenylalanine; Phenylalanine;L-Tryptophan; Tryptophan,,,,,
Glycerophospholipid biosynthetic pathway,WP2533,wiki,0.99916634,2,57,1,1,"Glycerol 3-phosphate;TG(16:0/16:0/16:1(9Z));TG(16:0/16:0/18:1(9Z));TG(16:0/16:0/18:2(9Z,12Z));TG(16:0/18:0/18:1(9Z));TG(18:0/18:0/18:1(9Z));TG(18:0/18:1(9Z)/18:1(9Z))",,,,,
Enterocyte cholesterol metabolism,WP5333,wiki,0.991888102,4,29,1,1,"Glutamate; L-Glutamic acid;TG(16:0/16:0/16:1(9Z));TG(16:0/16:0/18:1(9Z));TG(16:0/16:0/18:2(9Z,12Z));TG(16:0/18:0/18:1(9Z));TG(18:0/18:0/18:1(9Z));TG(18:0/18:1(9Z)/18:1(9Z));CE(20:4(5Z,8Z,11Z,14Z));DAG; DG(16:0/16:0/0:0); DG(16:0_16:0);DG(16:0/18:0/0:0); DG(16:0_16:0)",,,,,
Thyroid hormones production and peripheral downstream signaling effects,WP4746,wiki,0.999999998,2,25,1,1,"TG(16:0/16:0/16:1(9Z));TG(16:0/16:0/18:1(9Z));TG(16:0/16:0/18:2(9Z,12Z));TG(16:0/18:0/18:1(9Z));TG(18:0/18:0/18:1(9Z));TG(18:0/18:1(9Z)/18:1(9Z));DAG; DG(16:0/16:0/0:0); DG(16:0_16:0);DG(16:0/18:0/0:0); DG(16:0_16:0)",,,,,
MTHFR deficiency,WP4288,wiki,0.984535702,3,22,1,1,L-Methionine; Methionine;Cer(d18:1/24:1(15Z)); Ceramide; Cer[NS];DAG; DG(16:0/16:0/0:0); DG(16:0_16:0);DG(16:0/18:0/0:0); DG(16:0_16:0),,,,,
Thermogenesis,WP4321,wiki,1,2,26,1,1,"TG(16:0/16:0/16:1(9Z));TG(16:0/16:0/18:1(9Z));TG(16:0/16:0/18:2(9Z,12Z));TG(16:0/18:0/18:1(9Z));TG(18:0/18:0/18:1(9Z));TG(18:0/18:1(9Z)/18:1(9Z));DAG; DG(16:0/16:0/0:0); DG(16:0_16:0);DG(16:0/18:0/0:0); DG(16:0_16:0)",,,,,
Metabolism of sphingolipids in ER and Golgi apparatus,WP4142,wiki,0.982020746,2,36,1,1,SPBP 18:1;O2; Sphingosine 1-phosphate;Cer(d18:1/24:1(15Z)); Ceramide; Cer[NS],,,,,
Orexin receptor pathway,WP5094,wiki,0.999090105,4,19,1,1,"Cortisol; ST 21:3;O5;Glutamate; L-Glutamic acid;all-cis-5,8,11,14-Eicosatetraenoic acid; Arachidonic acid;TG(16:0/16:0/16:1(9Z));TG(16:0/16:0/18:1(9Z));TG(16:0/16:0/18:2(9Z,12Z));TG(16:0/18:0/18:1(9Z));TG(18:0/18:0/18:1(9Z));TG(18:0/18:1(9Z)/18:1(9Z))",,,,,
"Plasma lipoprotein assembly, remodeling, and clearance",WP4129,wiki,0.999998209,3,21,1,1,"TG(16:0/16:0/16:1(9Z));TG(16:0/16:0/18:1(9Z));TG(16:0/16:0/18:2(9Z,12Z));TG(16:0/18:0/18:1(9Z));TG(18:0/18:0/18:1(9Z));TG(18:0/18:1(9Z)/18:1(9Z));CE(20:4(5Z,8Z,11Z,14Z));DAG; DG(16:0/16:0/0:0); DG(16:0_16:0);DG(16:0/18:0/0:0); DG(16:0_16:0)",,,,,
Selenium micronutrient network,WP15,wiki,0.999942915,10,110,1,1,"Glutathione;Uric acid;Xanthine;L-Methionine; Methionine;L-Tryptophan; Tryptophan;all-cis-5,8,11,14-Eicosatetraenoic acid; Arachidonic acid;Niacinamide;C20:5n-3,6,9,12,15; Eicosapentaenoic acid; EPA;TG(16:0/16:0/16:1(9Z));TG(16:0/16:0/18:1(9Z));TG(16:0/16:0/18:2(9Z,12Z));TG(16:0/18:0/18:1(9Z));TG(18:0/18:0/18:1(9Z));TG(18:0/18:1(9Z)/18:1(9Z));5-HETE",,,,,
Triacylglyceride synthesis,WP325,wiki,0.949365755,3,10,1,1,"Glycerol 3-phosphate;TG(16:0/16:0/16:1(9Z));TG(16:0/16:0/18:1(9Z));TG(16:0/16:0/18:2(9Z,12Z));TG(16:0/18:0/18:1(9Z));TG(18:0/18:0/18:1(9Z));TG(18:0/18:1(9Z)/18:1(9Z));DAG; DG(16:0/16:0/0:0); DG(16:0_16:0);DG(16:0/18:0/0:0); DG(16:0_16:0)",,,,,
Aspartate and asparagine metabolism,WP4979,wiki,0.827065578,3,25,1,1,Glutamate; L-Glutamic acid;L-Asparagine;Taurine,,,,,
Regulation of lipid metabolism by PPARalpha,WP2797,wiki,1,2,15,1,1,"all-cis-5,8,11,14-Eicosatetraenoic acid; Arachidonic acid;C20:5n-3,6,9,12,15; Eicosapentaenoic acid; EPA",,,,,
Urea cycle and associated pathways,WP4595,wiki,0.995738428,3,30,1,1,Glutamate; L-Glutamic acid;Uracil;Malate; Malic acid,,,,,
Sphingolipid metabolism: integrated pathway,WP4726,wiki,0.995434544,2,51,1,1,SPBP 18:1;O2; Sphingosine 1-phosphate;Cer(d18:1/24:1(15Z)); Ceramide; Cer[NS],,,,,
Prostaglandin synthesis and regulation,WP98,wiki,0.99969875,2,13,1,1,"Cortisol; ST 21:3;O5;all-cis-5,8,11,14-Eicosatetraenoic acid; Arachidonic acid",,,,,
"Cerebral organic acidurias, including diseases",WP4519,wiki,0.857453866,2,26,1,1,L-Lysine; Lysine;L-Tryptophan; Tryptophan,,,,,
Amino acid conjugation,WP715,wiki,0.27703532,2,6,1,1,Glycine;Taurine,,,,,
Methionine metabolism leading to sulfur amino acids and related disorders,WP4292,wiki,0.853159169,3,23,1,1,Glycine;Taurine;L-Methionine; Methionine,,,,,
Glucose homeostasis,WP661,wiki,0.197367813,8,21,1,1,L-Phenylalanine; Phenylalanine;2S-Amino-3S-methylpentanoic acid; Isoleucine; L-Isoleucine;L-Lysine; Lysine;3-Hydroxybutyric acid; B-OH-butyrate; FA 4:0;O;L-Methionine; Methionine;Glycoursodeoxycholate; Glycoursodeoxycholic acid;Malate; Malic acid;L-Valine; valine,,,,,
Interconversion of nucleotide di- and triphosphates,WP4059,wiki,0.996395942,2,53,1,1,Glutathione;Glutamate; L-Glutamic acid,,,,,
Platelet homeostasis,WP1885,wiki,0.999999998,2,28,1,1,"TG(16:0/16:0/16:1(9Z));TG(16:0/16:0/18:1(9Z));TG(16:0/16:0/18:2(9Z,12Z));TG(16:0/18:0/18:1(9Z));TG(18:0/18:0/18:1(9Z));TG(18:0/18:1(9Z)/18:1(9Z));CE(20:4(5Z,8Z,11Z,14Z))",,,,,
Pyrimidine metabolism and related diseases,WP4225,wiki,0.98101357,3,43,1,1,Glutamate; L-Glutamic acid;Uracil;L-Valine; valine,,,,,
Ethanol effects on histone modifications,WP3996,wiki,0.99863036,2,21,1,1,Glycine;L-Methionine; Methionine,,,,,
NAD metabolism in oncogene-induced senescence and mitochondrial dysfunction-associated senescence,WP5046,wiki,0.988506747,2,12,1,1,Malate; Malic acid;Niacinamide,,,,,
Nucleobase catabolism,WP4042,wiki,0.995669667,4,103,1,1,Glutathione;Uric acid;Xanthine;Uracil,,,,,
Glycerophospholipid biosynthesis,WP2740,wiki,1,2,94,1,1,"Glycerol 3-phosphate;TG(16:0/16:0/16:1(9Z));TG(16:0/16:0/18:1(9Z));TG(16:0/16:0/18:2(9Z,12Z));TG(16:0/18:0/18:1(9Z));TG(18:0/18:0/18:1(9Z));TG(18:0/18:1(9Z)/18:1(9Z))",,,,,
One-carbon metabolism,WP241,wiki,0.99824997,2,25,1,1,Glycine;L-Methionine; Methionine,,,,,
Folate metabolism,WP176,wiki,0.999999013,3,65,1,1,"Glycine;L-Methionine; Methionine;TG(16:0/16:0/16:1(9Z));TG(16:0/16:0/18:1(9Z));TG(16:0/16:0/18:2(9Z,12Z));TG(16:0/18:0/18:1(9Z));TG(18:0/18:0/18:1(9Z));TG(18:0/18:1(9Z)/18:1(9Z))",,,,,
"Non-genomic actions of 1,25 dihydroxyvitamin D3",WP4341,wiki,0.999999906,2,5,1,1,"all-cis-5,8,11,14-Eicosatetraenoic acid; Arachidonic acid;DAG; DG(16:0/16:0/0:0); DG(16:0_16:0);DG(16:0/18:0/0:0); DG(16:0_16:0)",,,,,
Phase II - Conjugation of compounds,WP4111,wiki,1,6,149,1,1,Glycine;Glutathione;Glutamate; L-Glutamic acid;L-Methionine; Methionine;Pregnenolone sulfate; PREGS;Dehydroepiandrosterone sulfate; DHEA-SO4; ST 19:1;O2;S,,,,,
Phosphatidylcholine catabolism,WP4195,wiki,0.584333773,3,20,1,1,"Glycerol 3-phosphate;all-cis-5,8,11,14-Eicosatetraenoic acid; Arachidonic acid;LPC(14:1); LysoPC(16:1(9Z)/0:0);LPC(14:1); LysoPC(20:5(5Z,8Z,11Z,14Z,17Z)/0:0);LPC(14:1); LysoPC(24:0/0:0)",,,,,
Signaling by Retinoic Acid,WP4421,wiki,0.999894668,2,23,1,1,L-Palmitoylcarnitine; L-PCARN; Palmitoylcarnitine;9-cis-Retinoic acid; Alitretinoin,,,,,
Glyoxylate metabolism,WP5166,wiki,0.582976592,4,15,1,1,Glycine;Glyceric acid;4-Hydroxyproline; hydroxy-proline;Oxalic acid,,,,,
Role of carnosine in muscle contraction,WP4486,wiki,0.362793463,2,11,1,1,4-Aminobutanoic acid; GABA; gamma-Aminobutyric acid;Histamine,,,,,
Metabolism overview,WP3602,wiki,0.503820441,6,116,1,1,"Glycerol 3-phosphate;Glutamate; L-Glutamic acid;L-Palmitoylcarnitine; L-PCARN; Palmitoylcarnitine;3-Hydroxybutyric acid; B-OH-butyrate; FA 4:0;O;Malate; Malic acid;TG(16:0/16:0/16:1(9Z));TG(16:0/16:0/18:1(9Z));TG(16:0/16:0/18:2(9Z,12Z));TG(16:0/18:0/18:1(9Z));TG(18:0/18:0/18:1(9Z));TG(18:0/18:1(9Z)/18:1(9Z))",,,,,
"Trans-sulfuration, one-carbon metabolism and related pathways",WP2525,wiki,0.999998321,5,59,1,1,Glycine;Glutathione;Glutamate; L-Glutamic acid;Taurine;L-Methionine; Methionine,,,,,
"Gamma-glutamyl cycle for the biosynthesis and degradation of glutathione, including diseases",WP4518,wiki,0.469489495,3,11,1,1,Glycine;Glutathione;Glutamate; L-Glutamic acid,,,,,
Sphingolipid metabolism,WP2788,wiki,0.999999973,4,66,1,1,SPBP 18:1;O2; Sphingosine 1-phosphate;Dehydroepiandrosterone sulfate; DHEA-SO4; ST 19:1;O2;S;Cer(d18:1/24:1(15Z)); Ceramide; Cer[NS];DAG; DG(16:0/16:0/0:0); DG(16:0_16:0);DG(16:0/18:0/0:0); DG(16:0_16:0),,,,,
Tryptophan catabolism leading to NAD+ production,WP4210,wiki,0.972155993,2,23,1,1,L-Tryptophan; Tryptophan;Niacinamide,,,,,
Glyoxylate metabolism and glycine degradation,WP3562,wiki,0.98518973,4,40,1,1,Glycine;L-Methionine; Methionine;4-Hydroxyproline; hydroxy-proline;Oxalic acid,,,,,
Selenoamino acid metabolism,WP3791,wiki,1,5,61,1,1,Glycine;Glutathione;Histamine;1-Methylhistamine;Niacinamide,,,,,
Retinoid metabolism and transport,WP3839,wiki,0.973676815,4,34,1,1,"9-cis-Retinoic acid; Alitretinoin;TG(16:0/16:0/16:1(9Z));TG(16:0/16:0/18:1(9Z));TG(16:0/16:0/18:2(9Z,12Z));TG(16:0/18:0/18:1(9Z));TG(18:0/18:0/18:1(9Z));TG(18:0/18:1(9Z)/18:1(9Z));CE(20:4(5Z,8Z,11Z,14Z));DAG; DG(16:0/16:0/0:0); DG(16:0_16:0);DG(16:0/18:0/0:0); DG(16:0_16:0)",,,,,
Cell-type dependent selectivity of CCK2R signaling,WP3679,wiki,0.882404625,2,12,1,1,4-Aminobutanoic acid; GABA; gamma-Aminobutyric acid;DAG; DG(16:0/16:0/0:0); DG(16:0_16:0);DG(16:0/18:0/0:0); DG(16:0_16:0),,,,,
Fatty acyl-CoA biosynthesis,WP4114,wiki,0.999767633,2,44,1,1,"Malate; Malic acid;all-cis-5,8,11,14-Eicosatetraenoic acid; Arachidonic acid",,,,,
Eicosanoid metabolism via lipooxygenases (LOX),WP4721,wiki,0.995434544,2,32,1,1,"all-cis-5,8,11,14-Eicosatetraenoic acid; Arachidonic acid;5-HETE",,,,,
22q11.2 copy number variation syndrome,WP4657,wiki,1,3,29,1,1,Glutamate; L-Glutamic acid;L-Lysine; Lysine;9-cis-Retinoic acid; Alitretinoin,,,,,
Class C/3 (metabotropic glutamate/pheromone receptors),WP4418,wiki,0.96547796,3,50,1,1,4-Aminobutanoic acid; GABA; gamma-Aminobutyric acid;Glutamate; L-Glutamic acid;L-Tryptophan; Tryptophan,,,,,
Regulation of TLR by endogenous ligand,WP4069,wiki,0.920840385,2,12,1,1,"TG(16:0/16:0/16:1(9Z));TG(16:0/16:0/18:1(9Z));TG(16:0/16:0/18:2(9Z,12Z));TG(16:0/18:0/18:1(9Z));TG(18:0/18:0/18:1(9Z));TG(18:0/18:1(9Z)/18:1(9Z));CE(20:4(5Z,8Z,11Z,14Z))",,,,,
Carboxyterminal post-translational modifications of tubulin,WP4075,wiki,0.999351633,2,9,1,1,Glycine;Glutamate; L-Glutamic acid,,,,,
Alanine and aspartate metabolism,WP106,wiki,0.965486385,2,21,1,1,L-Asparagine;Malate; Malic acid,,,,,
Neurotransmitter release cycle,WP1871,wiki,0.999894668,2,37,1,1,"Glutamate; L-Glutamic acid;all-cis-5,8,11,14-Eicosatetraenoic acid; Arachidonic acid",,,,,
Triglyceride metabolism,WP4131,wiki,0.995738428,3,28,1,1,"Glycerol 3-phosphate;TG(16:0/16:0/16:1(9Z));TG(16:0/16:0/18:1(9Z));TG(16:0/16:0/18:2(9Z,12Z));TG(16:0/18:0/18:1(9Z));TG(18:0/18:0/18:1(9Z));TG(18:0/18:1(9Z)/18:1(9Z));CE(20:4(5Z,8Z,11Z,14Z))",,,,,
Proline catabolism,WP5009,wiki,0.444692488,2,11,1,1,Glutamate; L-Glutamic acid;4-Hydroxyproline; hydroxy-proline,,,,,
Vitamin B12 metabolism,WP1533,wiki,0.999972963,2,60,1,1,"L-Methionine; Methionine;TG(16:0/16:0/16:1(9Z));TG(16:0/16:0/18:1(9Z));TG(16:0/16:0/18:2(9Z,12Z));TG(16:0/18:0/18:1(9Z));TG(18:0/18:0/18:1(9Z));TG(18:0/18:1(9Z)/18:1(9Z))",,,,,
Sphingolipid metabolism in senescence,WP5121,wiki,0.987440141,3,14,1,1,SPBP 18:1;O2; Sphingosine 1-phosphate;Cer(d18:1/24:1(15Z)); Ceramide; Cer[NS];DAG; DG(16:0/16:0/0:0); DG(16:0_16:0);DG(16:0/18:0/0:0); DG(16:0_16:0),,,,,
Disorders of folate metabolism and transport,WP4259,wiki,0.949365755,3,29,1,1,Glycine;Glutamate; L-Glutamic acid;L-Methionine; Methionine,,,,,
Monoamine transport,WP727,wiki,0.995434544,2,14,1,1,4-Aminobutanoic acid; GABA; gamma-Aminobutyric acid;L-Tryptophan; Tryptophan,,,,,
Nicotinate metabolism,WP4097,wiki,0.997161119,2,50,1,1,Glutamate; L-Glutamic acid;Niacinamide,,,,,
Cholestasis,WP5238,wiki,0.965486385,2,13,1,1,"Glutathione;CE(20:4(5Z,8Z,11Z,14Z))",,,,,
Sphingolipid pathway,WP1422,wiki,0.994229527,2,25,1,1,SPBP 18:1;O2; Sphingosine 1-phosphate;Cer(d18:1/24:1(15Z)); Ceramide; Cer[NS],,,,,
Transcriptional regulation of white adipocyte differentiation,WP2751,wiki,0.999999999,2,9,1,1,"all-cis-5,8,11,14-Eicosatetraenoic acid; Arachidonic acid;C20:5n-3,6,9,12,15; Eicosapentaenoic acid; EPA",,,,,
"mRNA, protein, and metabolite inducation pathway by cyclosporin A",WP3953,wiki,0.582976592,4,13,1,1,L-Asparagine;2S-Amino-3S-methylpentanoic acid; Isoleucine; L-Isoleucine;L-Valine; valine;L-Tryptophan; Tryptophan,,,,,
Pluripotent stem cell differentiation pathway,WP2848,wiki,0.999594215,3,13,1,1,Taurine;Niacinamide;9-cis-Retinoic acid; Alitretinoin,,,,,
Lysine catabolism,WP5004,wiki,0.903348799,2,33,1,1,Glutamate; L-Glutamic acid;L-Lysine; Lysine,,,,,
Statin inhibition of cholesterol production,WP430,wiki,0.971630042,3,17,1,1,"TG(16:0/16:0/16:1(9Z));TG(16:0/16:0/18:1(9Z));TG(16:0/16:0/18:2(9Z,12Z));TG(16:0/18:0/18:1(9Z));TG(18:0/18:0/18:1(9Z));TG(18:0/18:1(9Z)/18:1(9Z));CE(20:4(5Z,8Z,11Z,14Z));DAG; DG(16:0/16:0/0:0); DG(16:0_16:0);DG(16:0/18:0/0:0); DG(16:0_16:0)",,,,,
Choline catabolism,WP4090,wiki,0.827896813,2,15,1,1,Glycine;L-Methionine; Methionine,,,,,
Disorders of bile acid synthesis and biliary transport,WP5176,wiki,0.988506747,2,41,1,1,Taurine;Glycoursodeoxycholate; Glycoursodeoxycholic acid,,,,,
Eicosanoid synthesis,WP167,wiki,0.977596631,2,27,1,1,"all-cis-5,8,11,14-Eicosatetraenoic acid; Arachidonic acid;5-HETE",,,,,
Biosynthesis of DHA-derived SPMs,WP4439,wiki,0.853159169,3,57,1,1,Glycine;Glutathione;Glutamate; L-Glutamic acid,,,,,
Phenylalanine and tyrosine metabolism,WP4981,wiki,0.875846859,3,32,1,1,Glutathione;Glutamate; L-Glutamic acid;L-Phenylalanine; Phenylalanine,,,,,
Nanoparticle triggered regulated necrosis,WP2513,wiki,0.857453866,2,8,1,1,"all-cis-5,8,11,14-Eicosatetraenoic acid; Arachidonic acid;Cer(d18:1/24:1(15Z)); Ceramide; Cer[NS]",,,,,
Cell surface interactions at the vascular wall,WP1794,wiki,1,2,11,1,1,"TG(16:0/16:0/16:1(9Z));TG(16:0/16:0/18:1(9Z));TG(16:0/16:0/18:2(9Z,12Z));TG(16:0/18:0/18:1(9Z));TG(18:0/18:0/18:1(9Z));TG(18:0/18:1(9Z)/18:1(9Z));CE(20:4(5Z,8Z,11Z,14Z))",,,,,
MECP2 and associated Rett syndrome,WP3584,wiki,0.999999462,3,11,1,1,4-Aminobutanoic acid; GABA; gamma-Aminobutyric acid;Glycine;Glutamate; L-Glutamic acid,,,,,
Metabolism of alpha-linolenic acid,WP4586,wiki,0.752430673,2,20,1,1,"all-cis-5,8,11,14-Eicosatetraenoic acid; Arachidonic acid;5-HETE",,,,,
G alpha (i) signaling events,WP4423,wiki,0.942772919,6,91,1,1,4-Aminobutanoic acid; GABA; gamma-Aminobutyric acid;Glutamate; L-Glutamic acid;SPBP 18:1;O2; Sphingosine 1-phosphate;3-Hydroxybutyric acid; B-OH-butyrate; FA 4:0;O;Histamine;L-Tryptophan; Tryptophan,,,,,
Fragile X syndrome,WP4549,wiki,1,2,6,1,1,4-Aminobutanoic acid; GABA; gamma-Aminobutyric acid;Glutamate; L-Glutamic acid,,,,,
"Transport of vitamins, nucleosides, and related molecules",WP1937,wiki,0.999982406,3,65,1,1,Uracil;Dehydroepiandrosterone sulfate; DHEA-SO4; ST 19:1;O2;S;Arachic acid; Arachidic acid,,,,,
Carnitine metabolism,WP4061,wiki,0.903348799,2,13,1,1,L-Palmitoylcarnitine; L-PCARN; Palmitoylcarnitine;9-cis-Retinoic acid; Alitretinoin,,,,,